<HFP>
	<append xpath="/items">	
	<item name="gunHandgunReller">
	<property name="Tags" value="weapon,ranged,holdBreathAiming,reloadPenalty,gun,shortRange,pistol,barrelAttachments,sideAttachments,smallTopAttachments,magazine,firingMode,attAgility,perkGunslinger,9mmGun,attachmentsIncluded,canHaveCosmetic,handgunSkill"/>
	<property name="DisplayType" value="rangedGun"/>
	<property name="HoldType" value="1"/>
	<property name="Meshfile" value="#@modfolder:Resources/Reller.unity3d?RellerPistol.Prefab"/>
	<property name="Material" value="MHandGunParts"/>
	<property name="Weight" value="1"/>
	<property name="RepairTools" value="resourceRepairKit"/>
	<property name="DegradationBreaksAfter" value="false"/>
	<property name="SoundJammed" value="weapon_jam"/>
	<property name="Attachments" value="meleeToolFlashlight02"/>
	<property name="CrosshairOnAim" value="true"/> <!-- aimTest -->
	<property name="CrosshairUpAfterShot" value="true"/> <!-- aimTest -->
	<property name="Sound_Sight_In" value="pistol_sight_in"/>
	<property name="Sound_Sight_Out" value="pistol_sight_out"/>
	<property name="LightSource" value="lightSource"/> <!-- Start: Needed for the attachment flashlight -->
	<property name="ActivateObject" value="Attachments/flashlight/lightSource"/>
	<property name="AttachmentFlashlight" value="flashlight02"/> <!-- End: Needed for the attachment flashlight -->
	<property name="Group" value="Ammo/Weapons,Ranged Weapons"/>
	<property name="RepairExpMultiplier" value="10.8"/>
	<property name="LightValue" value=".45"/>
	<property name="EconomicValue" value="500"/>
	<property name="TraderStageTemplate" value="baseTier1"/>
	<property name="UnlockedBy" value="craftingHandguns"/><!-- perkGunslinger,gunHandgunT1PistolSchematic, -->
    <property name="ShowQuality" value="true"/>
    <property name="SoundUnholster" value="weapon_unholster"/>
	<property name="SoundHolster" value="weapon_holster"/>

	<property class="Action0">
		<property name="Class" value="Ranged"/>
		<property name="Magazine_items" value="ammo9mmBulletBall,ammo9mmBulletHP,ammo9mmBulletAP"/>
		<property name="Sound_start" value="Pistol_Fire"/>
		<property name="Sound_loop" value="Pistol_Fire"/>
		<property name="Sound_end" value=""/>
		<property name="Sound_empty" value="dryfire"/>
		<property name="Sound_reload" value="pistol_reload"/>
		<property name="AutoReload" value="false"/>
		<property name="Particles_muzzle_fire" value="gunfire_pistol"/>
		<property name="Particles_muzzle_fire_fpv" value="gunfire_pistol_fpv"/>
		<requirement name="CVarCompare" cvar="_underwater" operation="LT" value=".98"/>
        	<property name="triggerEffectTriggerPullDualsense" value="PistolTrigger"/>
        	<property name="triggerEffectTriggerPullXbox" value="PistolTrigger"/>
        	<property name="triggerEffectShootDualsense" value="PistolShoot"/>
        	<property name="triggerEffectShootXbox" value="PistolShoot"/>
	</property>
	<property class="Action1">
		<property name="Class" value="Zoom"/>
		<property name="Zoom_max_out" value="55"/>
		<property name="Zoom_max_in" value="55"/>
		<property name="ScopeCameraOffset" value="0,.0008,0"/>
        	<property name="zoomTriggerEffectPullDualsense" value="PistolZoom"/>
        	<property name="zoomTriggerEffectPullXb" value="PistolZoom"/>
	</property>
	<effect_group name="gunHandgunReller">
		<passive_effect name="MaxRange" operation="base_set" value="50" tags="perkGunslinger,9mmGun"/>
		<passive_effect name="DamageFalloffRange" operation="base_set" value="18" tags="perkGunslinger,9mmGun"/>
		<passive_effect name="DamageFalloffRange" operation="perc_add" value="-.2,.2" tags="perkGunslinger,9mmGun"/> <!-- random effective rng -->
		<passive_effect name="RoundsPerMinute" operation="base_set" value="180" tags="perkGunslinger"/>
		<passive_effect name="BurstRoundCount" operation="base_set" value="1" tags="perkGunslinger"/>
		<passive_effect name="MagazineSize" operation="base_set" value="15" tags="perkGunslinger"/>
		 <!--<passive_effect name="ReloadSpeedMultiplier" operation="base_set" value="1" tags="perkGunslinger"/> 2s -->
		<passive_effect name="ModSlots" operation="base_set" value="2,2,2,3,3,4" tier="1,2,3,4,5,6"/>
		<passive_effect name="ModPowerBonus" operation="perc_add" value=".10" tags="EntityDamage,BlockDamage"/>
		<passive_effect name="ModPowerBonus" operation="base_add" value="300" tags="EconomicValue"/>
		<passive_effect name="EntityDamage" operation="base_add" value="50" tags="perkGunslinger"/> <!-- damage offset -->
		<passive_effect name="EntityDamage" operation="perc_add" value="-.02,.02" tags="perkGunslinger"/> <!-- random EntityDmg -->
		<passive_effect name="EntityDamage" operation="perc_add" value=".05,.25" tier="2,6" tags="perkGunslinger"/> <!-- tier bonus -->
		<passive_effect name="BlockDamage" operation="perc_add" value="-.08,.08" tags="perkGunslinger"/> <!-- random BlockDmg -->
		<passive_effect name="BlockDamage" operation="perc_add" value=".15,.75" tier="2,6" tags="perkGunslinger"/> <!-- tier bonus -->
		<passive_effect name="DegradationMax" operation="perc_add" value="-.2,.2" tags="perkGunslinger"/> <!-- random DegMax -->
		<!-- <passive_effect name="RoundsPerMinute" operation="perc_add" value="-.05,.05" tags="perkGunslinger"/> --> <!-- random APM -->
		<!-- <passive_effect name="MagazineSize" operation="perc_add" value="-.122,.122"/> --> <!-- random MagazineSize -->
		<passive_effect name="WeaponHandling" operation="perc_add" value="-.08,.08" tags="perkGunslinger"/> <!-- random WeaponHandling -->

		<passive_effect name="SpreadDegreesVertical" operation="base_set" value="1.5" tags="perkGunslinger"/>
		<passive_effect name="SpreadDegreesHorizontal" operation="base_set" value="1.5" tags="perkGunslinger"/>
		<passive_effect name="SpreadMultiplierAiming" operation="base_set" value=".4" tags="perkGunslinger"/>
		<passive_effect name="SpreadMultiplierCrouching" operation="base_set" value=".8" tags="perkGunslinger"/>
		<passive_effect name="SpreadMultiplierWalking" operation="base_set" value="1.5" tags="perkGunslinger"/>
		<passive_effect name="SpreadMultiplierRunning" operation="base_set" value="2.2" tags="perkGunslinger"/>

		<passive_effect name="KickDegreesVerticalMin" operation="base_set" value=".7" tags="perkGunslinger"/>
		<passive_effect name="KickDegreesVerticalMax" operation="base_set" value=".8" tags="perkGunslinger"/>
		<passive_effect name="KickDegreesHorizontalMin" operation="base_set" value="-.25" tags="perkGunslinger"/>
		<passive_effect name="KickDegreesHorizontalMax" operation="base_set" value=".25" tags="perkGunslinger"/>

		<passive_effect name="IncrementalSpreadMultiplier" operation="base_set" value="2.0" tags="perkGunslinger,9mmGun"/>
		<passive_effect name="WeaponHandling" operation="base_set" value=".95" tags="perkGunslinger"/> <!-- crosshair reset speed -->

		<passive_effect name="DegradationMax" operation="base_set" value="250,450" tier="1,6" tags="perkGunslinger,9mmGun"/>
		<passive_effect name="DegradationPerUse" operation="base_set" value="1" tags="perkGunslinger,9mmGun"/>
	</effect_group>
</item>

<item name="gunMaxius">
	<property name="Tags" value="weapon,ranged,holdBreathAiming,gun,barrelAttachments,sideAttachments,magazine,drumMagazine,bottomAttachments,attFortitude,perkMachineGunner,perkBookAutoWeapons,attachmentsIncluded,canHaveCosmetic,machinegunSkill"/>
	<property name="DisplayType" value="rangedGun"/>
	<property name="HoldType" value="71"/>
	<property name="Meshfile" value="#@modfolder:Resources/Maxius.unity3d?MaxiusRifle.Prefab"/>
	<property name="Material" value="MMachineGunParts"/>
	<property name="Weight" value="1"/>
	<property name="CrosshairOnAim" value="true"/> <!-- aimTest -->
	<property name="CrosshairUpAfterShot" value="true"/> <!-- aimTest -->
	<property name="RepairTools" value="resourceRepairKit"/>
	<property name="DegradationBreaksAfter" value="false"/>
	<property name="SoundJammed" value="weapon_jam"/>
	<property name="Sound_Sight_In" value="rifle_sight_in"/>
	<property name="Sound_Sight_Out" value="rifle_sight_out"/>
	<property name="RepairExpMultiplier" value="10.8"/>
	<property name="EconomicValue" value="30000"/>
	<property name="ShowQuality" value="true"/>
	<property name="Group" value="Ammo/Weapons,Ranged Weapons"/>
	<property name="SoundUnholster" value="weapon_unholster"/>
	<property name="SoundHolster" value="weapon_holster"/>

	<property class="Action0">
		<property name="Class" value="Ranged"/>
		<property name="Delay" value=".150"/> <!-- obsolete if rounds per minute exists -->
		<property name="Magazine_items" value="ammo762mmBulletBall,ammo762mmBulletHP,ammo762mmBulletAP"/>
		<property name="Sound_start" value="tacticalar_fire"/>
		<property name="Sound_loop" value="tacticalar_fire"/>
		<property name="Sound_empty" value="dryfire"/>
		<property name="AutoReload" value="false"/>
		<property name="Particles_muzzle_fire" value="gunfire_m60"/>
		<property name="Particles_muzzle_smoke" value="gunfire_smoke"/>
		<property name="Particles_muzzle_fire_fpv" value="gunfire_m60_fpv"/>
		<property name="Particles_muzzle_smoke_fpv" value="gunfire_smoke_fpv"/>
		<requirement name="CVarCompare" cvar="_underwater" operation="LT" value=".98"/>
                <property name="triggerEffectTriggerPullDualsense" value="RifleTrigger"/>
                <property name="triggerEffectTriggerPullXbox" value="PistolTrigger"/>
                <property name="triggerEffectTriggerShootDualsense" value="MGShoot"/>
                <property name="triggerEffectTriggerShootXbox" value="PistolShoot"/>
	</property>
	<property class="Action1">
		<property name="Class" value="Zoom"/>
		<property name="Zoom_max_out" value="55"/>
		<property name="Zoom_max_in" value="55"/>
		<property name="ScopeCameraOffset" value="-.00062,-.1,.055"/>
                <property name="zoomTriggerEffectTriggerPullDualsense" value="RifleZoom"/>
                <property name="zoomTriggerEffectTriggerPullXbox" value="PistolZoom"/>
	</property>
	<effect_group name="gunMaxius">
		<passive_effect name="MaxRange" operation="base_set" value="120" tags="perkMachineGunner"/>
		<passive_effect name="DamageFalloffRange" operation="base_set" value="50" tags="perkMachineGunner"/>
		<passive_effect name="DamageFalloffRange" operation="perc_add" value="-.2,.2" tags="perkMachineGunner"/> <!-- random effective rng -->
		<passive_effect name="BlockDamage" operation="base_add" value="-2" tags="perkMachineGunner"/> <!-- damage offset -->
		<passive_effect name="EntityDamage" operation="base_add" value="50" tags="perkMachineGunner"/> <!-- damage offset -->
		<passive_effect name="EntityDamage" operation="perc_add" value="-.02,.02" tags="perkMachineGunner"/> <!-- random EntityDmg -->
		<passive_effect name="EntityDamage" operation="perc_add" value=".05,.25" tier="2,6" tags="perkMachineGunner"/> <!-- tier bonus -->
		<passive_effect name="BlockDamage" operation="perc_add" value="-.08,.08" tags="perkMachineGunner"/> <!-- random BlockDmg -->
		<passive_effect name="BlockDamage" operation="perc_add" value=".15,.75" tier="2,6" tags="perkMachineGunner"/> <!-- tier bonus -->
		<passive_effect name="DegradationMax" operation="perc_add" value="-.2,.2" tags="perkMachineGunner"/> <!-- random DegMax -->
		<!-- <passive_effect name="RoundsPerMinute" operation="perc_add" value="-.05,.05" tags="perkMachineGunner"/> --> <!-- random APM -->
		<!-- <passive_effect name="MagazineSize" operation="perc_add" value="-.122,.122"/> --> <!-- random MagazineSize -->
		<passive_effect name="WeaponHandling" operation="perc_add" value="-.08,.08" tags="perkMachineGunner"/> <!-- random WeaponHandling -->
		<passive_effect name="RoundsPerMinute" operation="base_set" value="440" tags="perkMachineGunner"/>
		<passive_effect name="BurstRoundCount" operation="base_set" value="3" tags="perkMachineGunner"/>
		<passive_effect name="MagazineSize" operation="base_set" value="32" tags="perkMachineGunner"/>
		<passive_effect name="ReloadSpeedMultiplier" operation="base_set" value="2" tags="perkMachineGunner"/>

		<passive_effect name="SpreadDegreesVertical" operation="base_set" value="2.8" tags="perkMachineGunner"/>
		<passive_effect name="SpreadDegreesHorizontal" operation="base_set" value="2.8" tags="perkMachineGunner"/>
		<passive_effect name="SpreadMultiplierAiming" operation="base_set" value=".33" tags="perkMachineGunner"/>
		<passive_effect name="SpreadMultiplierCrouching" operation="base_set" value=".8" tags="perkMachineGunner"/>
		<passive_effect name="SpreadMultiplierWalking" operation="base_set" value="1.5" tags="perkMachineGunner"/>
		<passive_effect name="SpreadMultiplierRunning" operation="base_set" value="2.2" tags="perkMachineGunner"/>

		<passive_effect name="KickDegreesVerticalMin" operation="base_set" value="-.4" tags="perkMachineGunner"/>
		<passive_effect name="KickDegreesVerticalMax" operation="base_set" value="1.1" tags="perkMachineGunner"/>
		<passive_effect name="KickDegreesHorizontalMin" operation="base_set" value="-1" tags="perkMachineGunner"/>
		<passive_effect name="KickDegreesHorizontalMax" operation="base_set" value="1" tags="perkMachineGunner"/>

		<passive_effect name="IncrementalSpreadMultiplier" operation="base_set" value="1.5" tags="perkMachineGunner"/>
		<passive_effect name="WeaponHandling" operation="base_set" value=".83" tags="perkMachineGunner"/> <!-- M60 -->

		<passive_effect name="DegradationMax" operation="base_set" value="300,650" tier="1,6" tags="perkMachineGunner,perkBookAutoWeapons"/>
		<passive_effect name="DegradationPerUse" operation="base_set" value="1" tags="perkMachineGunner,perkBookAutoWeapons"/>

		<passive_effect name="ModSlots" operation="base_set" value="6,6,6,6,6,6" tier="1,2,3,4,5,6"/>
		<passive_effect name="ModPowerBonus" operation="perc_add" value=".10" tags="EntityDamage,BlockDamage"/>
		<passive_effect name="ModPowerBonus" operation="base_add" value="300" tags="EconomicValue"/>
	</effect_group>
</item>

<item name="gunRifleRorsche">
	<property name="Tags" value="weapon,ranged,holdBreathAiming,reloadPenalty,gun,barrelAttachments,sideAttachments,smallTopAttachments,mediumTopAttachments,largeTopAttachments,stock,magazine,firingMode,bottomAttachments,attPerception,perkDeadEye,attachmentsIncluded,canHaveCosmetic,rifleSkill"/>
	<property name="DisplayType" value="rangedGun"/>
	<property name="HoldType" value="77"/>
	<property name="Meshfile" value="#@modfolder:Resources/Rorsch.unity3d?RorschRailGun.Prefab"/>
	<property name="Material" value="MRifleParts"/>
	<property name="Weight" value="1"/>
	<property name="RepairTools" value="resourceRepairKit"/>
	<property name="DegradationBreaksAfter" value="false"/>
	<property name="SoundJammed" value="weapon_jam"/>
	<property name="Attachments" value="meleeToolFlashlight02"/>
	<property name="CrosshairOnAim" value="true"/> <!-- aimTest -->
	<property name="CrosshairUpAfterShot" value="true"/> <!-- aimTest -->
	<property name="Sound_Sight_In" value="rifle_sight_in"/>
	<property name="Sound_Sight_Out" value="rifle_sight_out"/>
	<property name="LightSource" value="lightSource"/> <!-- Start: Needed for the attachment flashlight -->
	<property name="ActivateObject" value="Attachments/flashlight/lightSource"/>
	<property name="AttachmentFlashlight" value="meleeToolFlashlight02"/> <!-- End: Needed for the attachment flashlight -->
	<property name="Group" value="Ammo/Weapons,Ranged Weapons"/>
	<property name="RepairExpMultiplier" value="10.8"/>
	<property name="LightValue" value=".45"/>
	<property name="EconomicValue" value="1500"/>
	<property name="TraderStageTemplate" value="baseTier3"/>
	<property name="UnlockedBy" value="craftingRifles"/><!-- gunRifleT3SniperRifleSchematic, -->
	<property name="ShowQuality" value="true"/>
	<property name="SoundUnholster" value="weapon_unholster"/>
	<property name="SoundHolster" value="weapon_holster"/>

	<property class="Action0">
		<property name="Class" value="Ranged"/>
		<property name="Delay" value=".5"/> <!-- obsolete if rounds per minute exists -->
		<property name="Magazine_items" value="ammo762mmBulletBall,ammo762mmBulletHP,ammo762mmBulletAP"/>
		<property name="Reload_time" value="2"/>
		<property name="Sound_start" value="RailShot"/>
		<property name="Sound_loop" value="RailShot"/>
		<property name="Sound_repeat" value=""/>
		<property name="Sound_end" value=""/>
		<property name="Sound_empty" value="dryfire"/>
		<property name="AutoReload" value="false"/>
		<property name="Particles_muzzle_fire" value="gunfire_sniper"/>
		<property name="Particles_muzzle_fire_fpv" value="gunfire_sniper_fpv"/>
		<requirement name="CVarCompare" cvar="_underwater" operation="LT" value=".98"/>
                <property name="triggerEffectTriggerPullDualsense" value="RifleTrigger"/>
                <property name="triggerEffectTriggerPullXbox" value="PistolTrigger"/>
                <property name="triggerEffectTriggerShootDualsense" value="RifleShoot"/>
                <property name="triggerEffectTriggerShootXbox" value="PistolShoot"/>
	</property>
	<property class="Action1">
		<property name="Class" value="Zoom"/>
		<property name="Zoom_max_out" value="55"/>
		<property name="Zoom_max_in" value="55"/>
		<property name="ScopeCameraOffset" value="0,.0262,-.05"/>
	        <property name="triggerEffectTriggerPullDualsense" value="PistolZoom"/>
	</property>
	<effect_group name="gunRifleRorsche">
		<passive_effect name="MaxRange" operation="base_set" value="200" tags="perkDeadEye"/>
		<passive_effect name="DamageFalloffRange" operation="base_set" value="150" tags="perkDeadEye"/>
		<passive_effect name="DamageFalloffRange" operation="perc_add" value="-.2,.2" tags="perkDeadEye"/> <!-- random effective rng -->
		<passive_effect name="RoundsPerMinute" operation="base_set" value="140" tags="perkDeadEye"/>
		<passive_effect name="BurstRoundCount" operation="base_set" value="1" tags="perkDeadEye"/>
		<passive_effect name="MagazineSize" operation="base_set" value="1" tags="perkDeadEye"/>
		<passive_effect name="ReloadSpeedMultiplier" operation="base_set" value="1" tags="perkDeadEye"/> <!-- 2.7s -->
		<passive_effect name="ModSlots" operation="base_set" value="6,6,6,6,6,6" tier="1,2,3,4,5,6"/>
		<passive_effect name="ModPowerBonus" operation="perc_add" value=".10" tags="EntityDamage,BlockDamage"/>
		<passive_effect name="ModPowerBonus" operation="base_add" value="300" tags="EconomicValue"/>
		<passive_effect name="EntityDamage" operation="base_add" value="70" tags="perkDeadEye"/> <!-- damage offset -->
		<passive_effect name="EntityDamage" operation="base_set" value="800" tags="perkDeadEye"/>
		<passive_effect name="EntityDamage" operation="perc_add" value="-.02,.02" tags="perkDeadEye"/> <!-- random EntityDmg -->
		<passive_effect name="EntityDamage" operation="perc_add" value=".05,.25" tier="2,6" tags="perkDeadEye"/> <!-- tier bonus -->
		<passive_effect name="BlockDamage" operation="perc_add" value="-.08,.08" tags="perkDeadEye"/> <!-- random BlockDmg -->
		<passive_effect name="BlockDamage" operation="perc_add" value=".15,.75" tier="2,6" tags="perkDeadEye"/> <!-- tier bonus -->
		<passive_effect name="DegradationMax" operation="perc_add" value="-.2,.2" tags="perkDeadEye"/> <!-- random DegMax -->
		<!-- <passive_effect name="RoundsPerMinute" operation="perc_add" value="-.05,.05" tags="perkDeadEye"/> --> <!-- random APM -->
		<!-- <passive_effect name="MagazineSize" operation="base_add" value="-.5,1.6"/>  --><!-- random MagazineSize -->
		<passive_effect name="WeaponHandling" operation="perc_add" value="-.08,.08" tags="perkDeadEye"/> <!-- random WeaponHandling -->

		<passive_effect name="SpreadDegreesVertical" operation="base_set" value="6" tags="perkDeadEye"/>
		<passive_effect name="SpreadDegreesHorizontal" operation="base_set" value="6" tags="perkDeadEye"/>
		<passive_effect name="SpreadMultiplierAiming" operation="base_set" value=".06" tags="perkDeadEye"/>
		<passive_effect name="SpreadMultiplierCrouching" operation="base_set" value=".8" tags="perkDeadEye"/>
		<passive_effect name="SpreadMultiplierWalking" operation="base_set" value="1.5" tags="perkDeadEye"/>
		<passive_effect name="SpreadMultiplierRunning" operation="base_set" value="2" tags="perkDeadEye"/>

		<passive_effect name="KickDegreesVerticalMin" operation="base_set" value="1.5" tags="perkDeadEye"/>
		<passive_effect name="KickDegreesVerticalMax" operation="base_set" value="3.0" tags="perkDeadEye"/>
		<passive_effect name="KickDegreesHorizontalMin" operation="base_set" value="-.2" tags="perkDeadEye"/>
		<passive_effect name="KickDegreesHorizontalMax" operation="base_set" value=".2" tags="perkDeadEye"/>

		<passive_effect name="IncrementalSpreadMultiplier" operation="base_set" value="11" tags="perkDeadEye"/>
		<passive_effect name="WeaponHandling" operation="base_set" value=".75" tags="perkDeadEye"/>

		<passive_effect name="DegradationMax" operation="base_set" value="250,500" tier="1,6" tags="perkDeadEye"/>
		<passive_effect name="DegradationPerUse" operation="base_set" value="1" tags="perkDeadEye"/>

		<passive_effect name="DamageModifier" operation="base_add" value="200" tags="head"/>
	</effect_group>
</item>

<item name="gunFearrell">
	<property name="Tags" value="weapon,ranged,holdBreathAiming,gun,barrelAttachments,sideAttachments,magazine,drumMagazine,bottomAttachments,attFortitude,perkMachineGunner,perkBookAutoWeapons,attachmentsIncluded,canHaveCosmetic,machinegunSkill"/>
	<property name="DisplayType" value="rangedGun"/>
	<property name="HoldType" value="71"/>
	<property name="Meshfile" value="#@modfolder:Resources/Fearrell.unity3d?FearrellRifle.Prefab"/>
	<property name="Material" value="MMachineGunParts"/>
	<property name="Weight" value="1"/>
	<property name="CrosshairOnAim" value="true"/> <!-- aimTest -->
	<property name="CrosshairUpAfterShot" value="true"/> <!-- aimTest -->
	<property name="RepairTools" value="resourceRepairKit"/>
	<property name="DegradationBreaksAfter" value="false"/>
	<property name="SoundJammed" value="weapon_jam"/>
	<property name="Sound_Sight_In" value="rifle_sight_in"/>
	<property name="Sound_Sight_Out" value="rifle_sight_out"/>
	<property name="RepairExpMultiplier" value="10.8"/>
	<property name="EconomicValue" value="30000"/>
	<property name="ShowQuality" value="true"/>
	<property name="Group" value="Ammo/Weapons,Ranged Weapons"/>
	<property name="SoundUnholster" value="weapon_unholster"/>
	<property name="SoundHolster" value="weapon_holster"/>

	<property class="Action0">
		<property name="Class" value="Ranged"/>
		<property name="Delay" value=".150"/> <!-- obsolete if rounds per minute exists -->
		<property name="Magazine_items" value="ammo762mmBulletBall,ammo762mmBulletHP,ammo762mmBulletAP"/>
		<property name="Sound_start" value="tacticalar_fire"/>
		<property name="Sound_loop" value="tacticalar_fire"/>
		<property name="Sound_empty" value="dryfire"/>
		<property name="Sound_reload" value="m60_reload"/>
		<property name="AutoReload" value="false"/>
		<property name="Particles_muzzle_fire" value="gunfire_m60"/>
		<property name="Particles_muzzle_smoke" value="gunfire_smoke"/>
		<property name="Particles_muzzle_fire_fpv" value="gunfire_m60_fpv"/>
		<property name="Particles_muzzle_smoke_fpv" value="gunfire_smoke_fpv"/>
		<requirement name="CVarCompare" cvar="_underwater" operation="LT" value=".98"/>
                <property name="triggerEffectTriggerPullDualsense" value="RifleTrigger"/>
                <property name="triggerEffectTriggerPullXbox" value="PistolTrigger"/>
                <property name="triggerEffectTriggerShootDualsense" value="MGShoot"/>
                <property name="triggerEffectTriggerShootXbox" value="PistolShoot"/>
	</property>
	<property class="Action1">
		<property name="Class" value="Zoom"/>
		<property name="Zoom_max_out" value="55"/>
		<property name="Zoom_max_in" value="55"/>
		<property name="ScopeCameraOffset" value="-.00062,-.1,.055"/>
                <property name="zoomTriggerEffectTriggerPullDualsense" value="RifleZoom"/>
                <property name="zoomTriggerEffectTriggerPullXbox" value="PistolZoom"/>
	</property>
	<effect_group name="gunFearrell">
		<passive_effect name="MaxRange" operation="base_set" value="75" tags="perkMachineGunner"/>
		<passive_effect name="DamageFalloffRange" operation="base_set" value="50" tags="perkMachineGunner"/>
		<passive_effect name="DamageFalloffRange" operation="perc_add" value="-.2,.2" tags="perkMachineGunner"/> <!-- random effective rng -->
		<passive_effect name="BlockDamage" operation="base_add" value="-2" tags="perkMachineGunner"/> <!-- damage offset -->
		<passive_effect name="EntityDamage" operation="base_add" value="50" tags="perkMachineGunner"/> <!-- damage offset -->
		<passive_effect name="EntityDamage" operation="perc_add" value="-.02,.02" tags="perkMachineGunner"/> <!-- random EntityDmg -->
		<passive_effect name="EntityDamage" operation="perc_add" value=".05,.25" tier="2,6" tags="perkMachineGunner"/> <!-- tier bonus -->
		<passive_effect name="BlockDamage" operation="perc_add" value="-.08,.08" tags="perkMachineGunner"/> <!-- random BlockDmg -->
		<passive_effect name="BlockDamage" operation="perc_add" value=".15,.75" tier="2,6" tags="perkMachineGunner"/> <!-- tier bonus -->
		<passive_effect name="DegradationMax" operation="perc_add" value="-.2,.2" tags="perkMachineGunner"/> <!-- random DegMax -->
		<!-- <passive_effect name="RoundsPerMinute" operation="perc_add" value="-.05,.05" tags="perkMachineGunner"/> --> <!-- random APM -->
		<!-- <passive_effect name="MagazineSize" operation="perc_add" value="-.122,.122"/> --> <!-- random MagazineSize -->
		<passive_effect name="WeaponHandling" operation="perc_add" value="-.08,.08" tags="perkMachineGunner"/> <!-- random WeaponHandling -->
		<passive_effect name="RoundsPerMinute" operation="base_set" value="300" tags="perkMachineGunner"/>
		<passive_effect name="BurstRoundCount" operation="base_set" value="1000" tags="perkMachineGunner"/>
		<passive_effect name="MagazineSize" operation="base_set" value="120" tags="perkMachineGunner"/>
		<passive_effect name="ReloadSpeedMultiplier" operation="base_set" value="2" tags="perkMachineGunner"/>

		<passive_effect name="SpreadDegreesVertical" operation="base_set" value="2.8" tags="perkMachineGunner"/>
		<passive_effect name="SpreadDegreesHorizontal" operation="base_set" value="2.8" tags="perkMachineGunner"/>
		<passive_effect name="SpreadMultiplierAiming" operation="base_set" value=".33" tags="perkMachineGunner"/>
		<passive_effect name="SpreadMultiplierCrouching" operation="base_set" value=".8" tags="perkMachineGunner"/>
		<passive_effect name="SpreadMultiplierWalking" operation="base_set" value="1.5" tags="perkMachineGunner"/>
		<passive_effect name="SpreadMultiplierRunning" operation="base_set" value="2.2" tags="perkMachineGunner"/>

		<passive_effect name="KickDegreesVerticalMin" operation="base_set" value="-.4" tags="perkMachineGunner"/>
		<passive_effect name="KickDegreesVerticalMax" operation="base_set" value="1.1" tags="perkMachineGunner"/>
		<passive_effect name="KickDegreesHorizontalMin" operation="base_set" value="-1" tags="perkMachineGunner"/>
		<passive_effect name="KickDegreesHorizontalMax" operation="base_set" value="1" tags="perkMachineGunner"/>

		<passive_effect name="IncrementalSpreadMultiplier" operation="base_set" value="1.5" tags="perkMachineGunner"/>
		<passive_effect name="WeaponHandling" operation="base_set" value=".83" tags="perkMachineGunner"/> <!-- M60 -->

		<passive_effect name="DegradationMax" operation="base_set" value="300,650" tier="1,6" tags="perkMachineGunner,perkBookAutoWeapons"/>
		<passive_effect name="DegradationPerUse" operation="base_set" value="1" tags="perkMachineGunner,perkBookAutoWeapons"/>

		<passive_effect name="ModSlots" operation="base_set" value="6,6,6,6,6,6" tier="1,2,3,4,5,6"/>
		<passive_effect name="ModPowerBonus" operation="perc_add" value=".10" tags="EntityDamage,BlockDamage"/>
		<passive_effect name="ModPowerBonus" operation="base_add" value="300" tags="EconomicValue"/>
	</effect_group>
</item>

<item name="gunHandgunSCIAR">
	<property name="Tags" value="weapon,ranged,holdBreathAiming,reloadPenalty,gun,shortRange,barrelAttachments,sideAttachments,smallTopAttachments,magazine,drumMagazine,firingMode,bottomAttachments,attAgility,perkGunslinger,9mmGun,attachmentsIncluded,canHaveCosmetic,handgunSkill"/>
	<property name="DisplayType" value="rangedGun"/>
	<property name="HoldType" value="6"/>
	<property name="Meshfile" value="#@modfolder:Resources/SCIAR.unity3d?SCIARsmg.Prefab"/>
	<property name="Material" value="MHandGunParts"/>
	<property name="Weight" value="1"/>
	<property name="RepairTools" value="resourceRepairKit"/>
	<property name="DegradationBreaksAfter" value="false"/>
	<property name="SoundJammed" value="weapon_jam"/>
	<property name="Attachments" value="meleeToolFlashlight02"/>
	<property name="CrosshairOnAim" value="true"/> <!-- aimTest -->
	<property name="CrosshairUpAfterShot" value="true"/> <!-- aimTest -->
	<property name="Sound_Sight_In" value="smg_sight_in"/>
	<property name="Sound_Sight_Out" value="smg_sight_out"/>
	<property name="Group" value="Ammo/Weapons,Ranged Weapons"/>
	<property name="RepairExpMultiplier" value="10.8"/>
	<property name="LightValue" value=".45"/>
	<property name="EconomicValue" value="1500"/>
	<property name="TraderStageTemplate" value="baseTier2"/>
	<property name="UnlockedBy" value="craftingHandguns"/><!-- gunHandgunT3SMG5Schematic, -->
	<property name="ShowQuality" value="true"/>
	<property name="SoundUnholster" value="weapon_unholster"/>
	<property name="SoundHolster" value="weapon_holster"/>

	<property class="Action0">
		<property name="Class" value="Ranged"/>
		<property name="Delay" value=".150"/> <!-- obsolete if rounds per minute exists -->
		<property name="Magazine_items" value="ammo9mmBulletBall,ammo9mmBulletHP,ammo9mmBulletAP"/>
		<property name="Reload_time" value="4.1"/>
		<property name="Sound_start" value="smg_fire"/>
		<property name="Sound_loop" value="smg_fire"/>
		<property name="Sound_end" value="smg_fire_end"/>
		<property name="Sound_empty" value="dryfire"/>
		<property name="Sound_reload" value=""/>
		<property name="AutoReload" value="false"/>
		<property name="Particles_muzzle_fire" value="gunfire_SMG"/>
		<property name="Particles_muzzle_fire_fpv" value="gunfire_SMG_fpv"/>
		<!-- <property name="DamageBonus.head" value="4"/>
		<property name="DamageBonus.wood" value="5"/>
		<property name="DamageBonus.earth" value=".2"/> -->
		<property name="ScopeOffset" value="-.000525,.1449,-.2"/>
		<property name="SideOffset" value="0,0,0"/>
		<property name="BarrelOffset" value="-.062,.062,.16"/>
		<requirement name="CVarCompare" cvar="_underwater" operation="LT" value=".98"/>
	        <property name="triggerEffectTriggerPullDualsense" value="PistolTrigger"/>
	        <property name="triggerEffectTriggerPullXbox" value="PistolTrigger"/>
	        <property name="triggerEffectShootDualsense" value="PistolShoot"/>
	        <property name="triggerEffectShootXbox" value="PistolShoot"/>
	</property>
	<property class="Action1">
		<property name="Class" value="Zoom"/>
		<property name="Zoom_max_out" value="55"/>
		<property name="Zoom_max_in" value="55"/>
		<property name="ScopeCameraOffset" value="-.0003,0,-.01"/>
	        <property name="zoomTriggerEffectPullDualsense" value="PistolZoom"/>
	        <property name="zoomTriggerEffectPullXb" value="PistolZoom"/>
	</property>
	<effect_group name="gunHandgunSCIAR">
		<passive_effect name="MaxRange" operation="base_set" value="75" tags="perkGunslinger,9mmGun"/>
		<passive_effect name="DamageFalloffRange" operation="base_set" value="30" tags="perkGunslinger,9mmGun"/>
		<passive_effect name="DamageFalloffRange" operation="perc_add" value="-.2,.2" tags="perkGunslinger,9mmGun"/> <!-- random effective rng -->
		<passive_effect name="RoundsPerMinute" operation="base_set" value="480" tags="perkGunslinger"/>
		<passive_effect name="BurstRoundCount" operation="base_set" value="1000" tags="perkGunslinger"/>
		<passive_effect name="MagazineSize" operation="base_set" value="30" tags="perkGunslinger"/>
		<passive_effect name="ReloadSpeedMultiplier" operation="base_set" value="1" tags="perkGunslinger"/> <!-- 4s -->
		<passive_effect name="ModSlots" operation="base_set" value="3,3,3,4,4,4" tier="1,2,3,4,5,6"/>
		<passive_effect name="ModPowerBonus" operation="perc_add" value=".10" tags="EntityDamage,BlockDamage"/>
		<passive_effect name="ModPowerBonus" operation="base_add" value="300" tags="EconomicValue"/>
		<passive_effect name="EntityDamage" operation="base_add" value="37" tags="perkGunslinger"/> <!-- damage offset -->
		<passive_effect name="EntityDamage" operation="perc_add" value="-.02,.02" tags="perkGunslinger"/> <!-- random EntityDmg -->
		<passive_effect name="EntityDamage" operation="perc_add" value=".05,.25" tier="2,6" tags="perkGunslinger"/> <!-- tier bonus -->
		<passive_effect name="BlockDamage" operation="perc_add" value="-.08,.08" tags="perkGunslinger"/> <!-- random BlockDmg -->
		<passive_effect name="BlockDamage" operation="perc_add" value=".15,.75" tier="2,6" tags="perkGunslinger"/> <!-- tier bonus -->
		<passive_effect name="DegradationMax" operation="perc_add" value="-.2,.2" tags="perkGunslinger"/> <!-- random DegMax -->
		<!-- <passive_effect name="RoundsPerMinute" operation="perc_add" value="-.05,.05" tags="perkGunslinger"/> --> <!-- random APM -->
		<!-- <passive_effect name="MagazineSize" operation="perc_add" value="-.122,.122"/> --> <!-- random MagazineSize -->
		<passive_effect name="WeaponHandling" operation="perc_add" value="-.08,.08" tags="perkGunslinger"/> <!-- random WeaponHandling -->

		<passive_effect name="SpreadDegreesVertical" operation="base_set" value="1.35" tags="perkGunslinger"/>
		<passive_effect name="SpreadDegreesHorizontal" operation="base_set" value="1.35" tags="perkGunslinger"/>
		<passive_effect name="SpreadMultiplierAiming" operation="base_set" value=".35" tags="perkGunslinger"/>
		<passive_effect name="SpreadMultiplierCrouching" operation="base_set" value=".8" tags="perkGunslinger"/>
		<passive_effect name="SpreadMultiplierWalking" operation="base_set" value="1.5" tags="perkGunslinger"/>
		<passive_effect name="SpreadMultiplierRunning" operation="base_set" value="2.2" tags="perkGunslinger"/>

		<passive_effect name="KickDegreesVerticalMin" operation="base_set" value=".5" tags="perkGunslinger"/>
		<passive_effect name="KickDegreesVerticalMax" operation="base_set" value="1" tags="perkGunslinger"/>
		<passive_effect name="KickDegreesHorizontalMin" operation="base_set" value="-.3" tags="perkGunslinger"/>
		<passive_effect name="KickDegreesHorizontalMax" operation="base_set" value=".3" tags="perkGunslinger"/>

		<passive_effect name="IncrementalSpreadMultiplier" operation="base_set" value="1.6" tags="perkGunslinger,9mmGun"/>
		<passive_effect name="WeaponHandling" operation="base_set" value=".8" tags="perkGunslinger"/>

		<passive_effect name="DegradationMax" operation="base_set" value="350,700" tier="1,6" tags="perkGunslinger,9mmGun"/>
		<passive_effect name="DegradationPerUse" operation="base_set" value="1" tags="perkGunslinger,9mmGun"/>
	</effect_group>
</item>

<item name="gunHandgunDominator">
	<property name="Tags" value="weapon,ranged,revolver,holdBreathAiming,reloadPenalty,gun,shortRange,pistol,barrelAttachments,sideAttachments,smallTopAttachments,magazine,firingMode,attAgility,perkGunslinger,attachmentsIncluded,canHaveCosmetic,handgunSkill"/>
	<property name="DisplayType" value="rangedGun"/>
	<property name="HoldType" value="75"/>
	<property name="Meshfile" value="#@modfolder:Resources/Dominator.unity3d?DominatorPistol.Prefab"/>
	<property name="Material" value="MHandGunParts"/>
	<property name="Weight" value="1"/>
	<property name="RepairTools" value="resourceRepairKit"/>
	<property name="DegradationBreaksAfter" value="false"/>
	<property name="SoundJammed" value="weapon_jam"/>
	<property name="Attachments" value="meleeToolFlashlight02"/>
	<property name="CrosshairOnAim" value="true"/> <!-- aimTest -->
	<property name="CrosshairUpAfterShot" value="true"/> <!-- aimTest -->
	<property name="Sound_Sight_In" value="pistol_sight_in"/>
	<property name="Sound_Sight_Out" value="pistol_sight_out"/>
	<property name="LightSource" value="lightSource"/> <!-- Start: Needed for the attachment flashlight -->
	<property name="ActivateObject" value="Attachments/flashlight/lightSource"/>
	<property name="AttachmentFlashlight" value="flashlight02"/> <!-- End: Needed for the attachment flashlight -->
	<property name="Group" value="Ammo/Weapons,Ranged Weapons"/>
	<property name="RepairExpMultiplier" value="10.8"/>
	<property name="LightValue" value=".45"/>
	<property name="EconomicValue" value="1500"/>
	<property name="TraderStageTemplate" value="baseTier3"/>
	<property name="UnlockedBy" value="craftingHandguns"/><!-- gunHandgunT3DesertVultureSchematic, -->
	<property name="ShowQuality" value="true"/>
	<property name="SoundUnholster" value="weapon_unholster"/>
	<property name="SoundHolster" value="weapon_holster"/>

	<property class="Action0">
		<property name="Class" value="Ranged"/>
		<property name="Magazine_items" value="ammo44MagnumBulletBall,ammo44MagnumBulletHP,ammo44MagnumBulletAP"/>
		<property name="Sound_start" value="desertvulture_fire"/>
		<property name="Sound_loop" value="desertvulture_fire"/>
		<property name="Sound_end" value=""/>
		<property name="Sound_empty" value="dryfire"/>
		<property name="AutoReload" value="false"/>
		<property name="Particles_muzzle_fire" value="gunfire_desertvulture"/>
		<property name="Particles_muzzle_fire_fpv" value="gunfire_desertvulture_fpv"/>
		<requirement name="CVarCompare" cvar="_underwater" operation="LT" value=".98"/>
	        <property name="triggerEffectTriggerPullDualsense" value="PistolTrigger"/>
	        <property name="triggerEffectTriggerPullXbox" value="PistolTrigger"/>
	        <property name="triggerEffectShootDualsense" value="PistolShoot"/>
	        <property name="triggerEffectShootXbox" value="PistolShoot"/>
	</property>
	<property class="Action1">
		<property name="Class" value="Zoom"/>
		<property name="Zoom_max_out" value="55"/>
		<property name="Zoom_max_in" value="55"/>
		<property name="ScopeCameraOffset" value="0,.0008,0"/>
	        <property name="zoomTriggerEffectPullDualsense" value="PistolZoom"/>
	        <property name="zoomTriggerEffectPullXb" value="PistolZoom"/>
	</property>
	<effect_group name="gunHandgunDominator">
		<passive_effect name="MaxRange" operation="base_set" value="50" tags="perkGunslinger"/>
		<passive_effect name="DamageFalloffRange" operation="base_set" value="25" tags="perkGunslinger"/>
		<passive_effect name="DamageFalloffRange" operation="perc_add" value="-.2,.2" tags="perkGunslinger"/> <!-- random effective rng -->
		<passive_effect name="RoundsPerMinute" operation="base_set" value="130" tags="perkGunslinger"/>
		<passive_effect name="BurstRoundCount" operation="base_set" value="1" tags="perkGunslinger"/>
		<passive_effect name="MagazineSize" operation="base_set" value="8.8" tags="perkGunslinger"/>
		<passive_effect name="ReloadSpeedMultiplier" operation="base_set" value="1" tags="perkGunslinger"/> <!-- 2s -->
		<passive_effect name="ModSlots" operation="base_set" value="3,3,3,4,4,4" tier="1,2,3,4,5,6"/>
		<passive_effect name="ModPowerBonus" operation="perc_add" value=".10" tags="EntityDamage,BlockDamage"/>
		<passive_effect name="ModPowerBonus" operation="base_add" value="680" tags="EconomicValue"/>
		<passive_effect name="EntityDamage" operation="base_add" value="75" tags="perkGunslinger"/>
		<passive_effect name="EntityDamage" operation="perc_add" value="-.02,.02" tags="perkGunslinger"/> <!-- random EntityDmg -->
		<passive_effect name="EntityDamage" operation="perc_add" value=".05,.25" tier="2,6" tags="perkGunslinger"/> <!-- tier bonus -->
		<passive_effect name="BlockDamage" operation="perc_add" value="-.08,.08" tags="perkGunslinger"/> <!-- random BlockDmg -->
		<passive_effect name="BlockDamage" operation="perc_add" value=".15,.75" tier="2,6" tags="perkGunslinger"/> <!-- tier bonus -->
		<passive_effect name="DegradationMax" operation="perc_add" value="-.2,.2" tags="perkGunslinger"/> <!-- random DegMax -->
		<!-- <passive_effect name="RoundsPerMinute" operation="perc_add" value="-.05,.05" tags="perkGunslinger"/> --> <!-- random APM -->
		<!-- <passive_effect name="MagazineSize" operation="perc_add" value="-.09,.09" tags="perkGunslinger"/> --> <!-- random MagazineSize -->
		<passive_effect name="WeaponHandling" operation="perc_add" value="-.08,.08" tags="perkGunslinger"/> <!-- random WeaponHandling -->

		<passive_effect name="SpreadDegreesVertical" operation="base_set" value="1.3" tags="perkGunslinger"/>
		<passive_effect name="SpreadDegreesHorizontal" operation="base_set" value="1.3" tags="perkGunslinger"/>
		<passive_effect name="SpreadMultiplierAiming" operation="base_set" value=".35" tags="perkGunslinger"/>
		<passive_effect name="SpreadMultiplierCrouching" operation="base_set" value=".8" tags="perkGunslinger"/>
		<passive_effect name="SpreadMultiplierWalking" operation="base_set" value="1.5" tags="perkGunslinger"/>
		<passive_effect name="SpreadMultiplierRunning" operation="base_set" value="2.2" tags="perkGunslinger"/>

		<passive_effect name="KickDegreesVerticalMin" operation="base_set" value="3.5" tags="perkGunslinger"/>
		<passive_effect name="KickDegreesVerticalMax" operation="base_set" value="4" tags="perkGunslinger"/>
		<passive_effect name="KickDegreesHorizontalMin" operation="base_set" value="-.3" tags="perkGunslinger"/>
		<passive_effect name="KickDegreesHorizontalMax" operation="base_set" value=".15" tags="perkGunslinger"/>

		<passive_effect name="IncrementalSpreadMultiplier" operation="base_set" value="3.2" tags="perkGunslinger"/>
		<passive_effect name="WeaponHandling" operation="base_set" value=".6" tags="perkGunslinger"/>

		<passive_effect name="DegradationMax" operation="base_set" value="250,400" tier="1,6" tags="perkGunslinger"/>
		<passive_effect name="DegradationPerUse" operation="base_set" value="1" tags="perkGunslinger"/>
	</effect_group>
</item>

	</append>
</HFP>