<Lightsabers>
<append xpath="/blocks">
<block name="GonkDroid">
	<!-- Class -->
	<property name="Class" value="Workstation"/>
	<property class="Workstation">
		<property name="Modules" value="output"/>
		<property name="CraftingAreaRecipes" value="player,workbench"/>
	</property>
	<property name="UnlockedBy" value="craftingWorkstations"/>
	<!-- UI_Info -->
	<property name="CreativeMode" value="Player"/>
	<property name="DescriptionKey" value="workbenchDesc"/>
	<property name="DisplayType" value="blockMulti"/>
	<property name="WorkstationIcon" value="ui_game_symbol_workbench"/>
	<property name="WorkstationJournalTip" value="workbenchTip"/>
	<property name="Stacknumber" value="1"/>
	<!-- Visual -->
	<property name="Material" value="Mmetal"/>
	<property name="Shape" value="ModelEntity"/>
	<property name="Model" value="#@modfolder:Resources/GonkDroid.unity3d?SaberCraftBench.prefab"/>
	<property name="ModelOffset" value="0,.5,0"/>
	<property name="MultiBlockDim" value="2,2,1"/>
	<property name="ImposterDontBlock" value="true"/>
	<property name="WaterFlow" value="permitted"/>
	<!-- Placement -->
	<property name="Place" value="TowardsPlacerInverted"/>
	<property name="OnlySimpleRotations" value="true"/>
	<property name="IsTerrainDecoration" value="true"/>
	<property name="StabilitySupport" value="false"/>
	<!-- Value -->
	<property name="Weight" value="0"/>
	<property name="EconomicValue" value="2000"/>
	<property name="TraderStageTemplate" value="midTier1"/>
	<!-- Interaction -->
	<property name="MaxDamage" value="800"/>
	<property name="HeatMapStrength" value="5"/>
	<property name="HeatMapTime" value="5000"/>
	<property name="HeatMapFrequency" value="1000"/>
	<property name="OpenSound" value="Gonk"/>
	<property name="CloseSound" value="Gonk"/>
	<property name="TakeDelay" value="15"/>
	<property class="RepairItems">
		<property name="resourceForgedIron" value="25"/>
		<property name="resourceMechanicalParts" value="20"/>
		<property name="resourceWood" value="50"/>
	</property>
	<drop event="Harvest" name="resourceScrapIron" count="200" tag="allHarvest"/>
	<drop event="Harvest" name="resourceWood" count="20" tag="allHarvest"/>
	<drop event="Harvest" name="terrStone" count="0" tool_category="Disassemble"/>
	<drop event="Harvest" name="resourceForgedIron" count="10" tag="salvageHarvest"/>
	<drop event="Harvest" name="resourceMechanicalParts" count="8" tag="salvageHarvest"/>
	<drop event="Harvest" name="resourceWood" count="20" tag="salvageHarvest"/>
	<drop event="Destroy" count="0"/>
	<drop event="Fall" name="terrDestroyedWoodDebris" count="1" prob="0.75" stick_chance="1"/>
	<!-- Sorting -->
	<property name="SortOrder1" value="B281"/>
	<property name="SortOrder2" value="0300"/>
	<property name="Group" value="Building,TCScience,advBuilding"/>
	<property name="Tags" value="workstationSkill,twitch_workstation"/>
	<property name="FilterTags" value="MC_playerBlocks,SC_decor"/>
</block>
</append>
</Lightsabers>