<Lightsabers>
	<append xpath="/items">	
	<item name="meleeWpnBladeRedLightsaber">
	<property name="Tags" value="machete,melee,grunting,light,longShaft,perkFlurryOfBlows,weapon,meleeWeapon,attAgility,perkDeepCuts,perkTheHuntsman,canHaveCosmetic"/>
	<property name="DisplayType" value="meleeKnife"/>
	<property name="HoldType" value="47"/>
	<property name="Meshfile" value="#@modfolder:Resources/Sabers.unity3d?RedSaber.Prefab"/>
	<property name="Material" value="MmeleeWpnBladeParts"/> <property name="Weight" value="6"/>
	<property name="RepairTools" value="resourceRawDiamond"/>
	<property name="UnlockedBy" value="LightsaberSchematic"/>
	<property name="DegradationBreaksAfter" value="false"/>
	<property name="CustomIcon" value="saberred"/>
	<property name="EconomicValue" value="700"/>
	<property name="SoundJammed" value="ItemNeedsRepair"/>
	<property name="SoundDestroy" value="wooddestroy1"/>
	<property name="SoundUnholster" value="Saber_Ignition"/>
	<property name="SoundHolster" value="Saber_Off"/>
	<property name="Group" value="Ammo/Weapons,Melee Weapons"/>
	<property name="RepairExpMultiplier" value="5.5"/>
	<property name="ShowQuality" value="true"/>

	<property class="Action0">
		<property name="Class" value="DynamicMelee"/>
		<property name="Damage_type" value="Slashing"/>
		<property name="Sphere" value=".15"/>   <!-- limit to 0.15, else the sphere cast can overlap the target already -->
		<property name="Sound_start" value="Saber_Swing"/>
		<property name="ToolCategory.Butcher" value="0" param1="4.7"/>
			<!-- This triggers the use of the special corpse harvesting animation if there is a matching harvest event.
			Also, param1  is the damage multiplier for corpse harvesting. -->
		<property name="UseGrazingHits" value="true"/>
		<property name="GrazeStart" value=".28"/>
		<property name="GrazeEnd" value=".4"/>
		<property name="SwingDegrees" value="80"/>
		<property name="SwingAngle" value="130"/>
		<property class="HitSounds">
			<property name="Override0" value="organic" param1="metalslashorganic"/>
		</property>
		<property class="GrazeSounds">
			<property name="Override0" value="organic" param1="metalgrazeorganic"/>
		</property>
	</property>
	<property class="Action1">
		<property name="Class" value="DynamicMelee"/>
		<property name="Damage_type" value="Slashing"/>
		<property name="Sphere" value=".15"/>   <!-- limit to 0.15, else the sphere cast can overlap the target already -->
		<property name="Sound_start" value="Saber_Swing"/>
		<property name="ToolCategory.Butcher" value="0" param1="4.7"/>
		<property name="UsePowerAttackAnimation" value="true"/>

		<property name="UseGrazingHits" value="true"/>
		<property name="IsHorizontalSwing" value="true"/>
		<property name="GrazeStart" value=".3"/>
		<property name="GrazeEnd" value=".4"/>
		<property name="SwingDegrees" value="-80"/>
		<property name="SwingAngle" value="-60"/>
		<property class="HitSounds">
			<property name="Override0" value="organic" param1="metalslashorganic"/>
		</property>
		<property class="GrazeSounds">
			<property name="Override0" value="organic" param1="metalgrazeorganic"/>
		</property>
	</property>
	<effect_group name="meleeWpnBladeRedLightsaber">
		<passive_effect name="EntityDamage" operation="base_set" value="1000" tags="perkDeepCuts"/> <!-- meleeWpnBladeT3Machete -->
		<passive_effect name="BlockDamage" operation="base_set" value="600" tags="perkDeepCuts"/>
		<passive_effect name="AttacksPerMinute" operation="base_set" value="60" tags="perkDeepCuts,perkFlurryOfBlows"/>
		<passive_effect name="StaminaLoss" operation="base_set" value="10.0" tags="primary"/>
		<passive_effect name="DegradationMax" operation="base_set" value="288,10000" tier="1,6" tags="perkDeepCuts"/>
		<passive_effect name="DegradationPerUse" operation="base_set" value="1" tags="perkDeepCuts"/>
		<passive_effect name="MaxRange" operation="base_set" value="2.3" tags="perkDeepCuts"/>
		<passive_effect name="BlockRange" operation="base_set" value="3.5" tags="perkDeepCuts"/>

		<passive_effect name="ModSlots" operation="base_set" value="6,6,6,6,6,6" tier="1,2,3,4,5,6"/>
		<passive_effect name="ModPowerBonus" operation="perc_add" value=".10" tags="EntityDamage,BlockDamage"/>
		<passive_effect name="ModPowerBonus" operation="base_add" value="300" tags="EconomicValue"/>

		<passive_effect name="EntityDamage" operation="perc_add" value="-.15,.15" tags="perkDeepCuts"/> <!-- random EntityDmg -->
		<passive_effect name="EntityDamage" operation="perc_add" value=".1,.5" tier="2,6" tags="perkDeepCuts"/> <!-- tier bonus -->
		<passive_effect name="BlockDamage" operation="perc_add" value="-.15,.15" tags="perkDeepCuts"/> <!-- random BlockDmg -->
		<passive_effect name="BlockDamage" operation="perc_add" value=".1,.5" tier="2,6" tags="perkDeepCuts"/> <!-- tier bonus -->

		<passive_effect name="DamageModifier" operation="perc_add" value="-.8" tags="earth"/>
		<passive_effect name="DamageModifier" operation="perc_add" value="-.8" tags="stone"/>
		<passive_effect name="DamageModifier" operation="perc_add" value="-.8" tags="metal"/>
		<passive_effect name="HarvestCount" operation="base_set" value="1" tags="butcherHarvest"/>
		<!--<passive_effect name="BlockDamage" operation="perc_add" value="1.5" tags="blockButcher"/>-->
	</effect_group>
	<effect_group name="Power Attack">
		<passive_effect name="EntityDamage" operation="perc_add" value="1" tags="secondary"/>
		<passive_effect name="BlockDamage" operation="perc_add" value="1" tags="secondary"/>
		<passive_effect name="StaminaLoss" operation="base_set" value="32.7" tags="secondary"/>
	</effect_group>
	<effect_group name="sneak damage bonus">
		<requirement name="CVarCompare" cvar="_crouching" operation="Equals" value="1"/>
		<requirement name="CVarCompare" cvar="_notAlerted" operation="GT" value="0" target="other"/>
			<passive_effect name="DamageBonus" operation="base_add" value="4"/>
			<passive_effect name="EntityDamage" operation="perc_add" value="4" tags="perkDeepCuts"/>
			<display_value name="dEntityDamageSneak" value="4"/>
	</effect_group>
</item>

	<item name="meleeWpnBladeBlueLightsaber">
	<property name="Tags" value="machete,melee,grunting,light,longShaft,perkFlurryOfBlows,weapon,meleeWeapon,attAgility,perkDeepCuts,perkTheHuntsman,canHaveCosmetic"/>
	<property name="DisplayType" value="meleeKnife"/>
	<property name="CustomIcon" value="saberblue"/>
	<property name="UnlockedBy" value="LightsaberSchematic"/>
	<property name="HoldType" value="47"/>
	<property name="Meshfile" value="#@modfolder:Resources/SaberBlue.unity3d?BlueSaber.Prefab"/>
	<property name="Material" value="MmeleeWpnBladeParts"/> <property name="Weight" value="6"/>
	<property name="RepairTools" value="resourceRawDiamond"/>
	<property name="DegradationBreaksAfter" value="false"/>
	<property name="EconomicValue" value="700"/>
	<property name="SoundJammed" value="ItemNeedsRepair"/>
	<property name="SoundDestroy" value="wooddestroy1"/>
	<property name="SoundUnholster" value="Saber_Ignition"/>
	<property name="SoundHolster" value="Saber_Off"/>
	<property name="Group" value="Ammo/Weapons,Melee Weapons"/>
	<property name="RepairExpMultiplier" value="5.5"/>
	<property name="ShowQuality" value="true"/>

	<property class="Action0">
		<property name="Class" value="DynamicMelee"/>
		<property name="Damage_type" value="Slashing"/>
		<property name="Sphere" value=".15"/>   <!-- limit to 0.15, else the sphere cast can overlap the target already -->
		<property name="Sound_start" value="Saber_Swing"/>
		<property name="ToolCategory.Butcher" value="0" param1="4.7"/>
			<!-- This triggers the use of the special corpse harvesting animation if there is a matching harvest event.
			Also, param1  is the damage multiplier for corpse harvesting. -->
		<property name="UseGrazingHits" value="true"/>
		<property name="GrazeStart" value=".28"/>
		<property name="GrazeEnd" value=".4"/>
		<property name="SwingDegrees" value="80"/>
		<property name="SwingAngle" value="130"/>
		<property class="HitSounds">
			<property name="Override0" value="organic" param1="metalslashorganic"/>
		</property>
		<property class="GrazeSounds">
			<property name="Override0" value="organic" param1="metalgrazeorganic"/>
		</property>
	</property>
	<property class="Action1">
		<property name="Class" value="DynamicMelee"/>
		<property name="Damage_type" value="Slashing"/>
		<property name="Sphere" value=".15"/>   <!-- limit to 0.15, else the sphere cast can overlap the target already -->
		<property name="Sound_start" value="Saber_Swing"/>
		<property name="ToolCategory.Butcher" value="0" param1="4.7"/>
		<property name="UsePowerAttackAnimation" value="true"/>

		<property name="UseGrazingHits" value="true"/>
		<property name="IsHorizontalSwing" value="true"/>
		<property name="GrazeStart" value=".3"/>
		<property name="GrazeEnd" value=".4"/>
		<property name="SwingDegrees" value="-80"/>
		<property name="SwingAngle" value="-60"/>
		<property class="HitSounds">
			<property name="Override0" value="organic" param1="metalslashorganic"/>
		</property>
		<property class="GrazeSounds">
			<property name="Override0" value="organic" param1="metalgrazeorganic"/>
		</property>
	</property>
	<effect_group name="meleeWpnBladeBlueLightsaber">
		<passive_effect name="EntityDamage" operation="base_set" value="1000" tags="perkDeepCuts"/> <!-- meleeWpnBladeT3Machete -->
		<passive_effect name="BlockDamage" operation="base_set" value="600" tags="perkDeepCuts"/>
		<passive_effect name="AttacksPerMinute" operation="base_set" value="60" tags="perkDeepCuts,perkFlurryOfBlows"/>
		<passive_effect name="StaminaLoss" operation="base_set" value="10.0" tags="primary"/>
		<passive_effect name="DegradationMax" operation="base_set" value="288,10000" tier="1,6" tags="perkDeepCuts"/>
		<passive_effect name="DegradationPerUse" operation="base_set" value="1" tags="perkDeepCuts"/>
		<passive_effect name="MaxRange" operation="base_set" value="2.3" tags="perkDeepCuts"/>
		<passive_effect name="BlockRange" operation="base_set" value="3.5" tags="perkDeepCuts"/>

		<passive_effect name="ModSlots" operation="base_set" value="6,6,6,6,6,6" tier="1,2,3,4,5,6"/>
		<passive_effect name="ModPowerBonus" operation="perc_add" value=".10" tags="EntityDamage,BlockDamage"/>
		<passive_effect name="ModPowerBonus" operation="base_add" value="300" tags="EconomicValue"/>

		<passive_effect name="EntityDamage" operation="perc_add" value="-.15,.15" tags="perkDeepCuts"/> <!-- random EntityDmg -->
		<passive_effect name="EntityDamage" operation="perc_add" value=".1,.5" tier="2,6" tags="perkDeepCuts"/> <!-- tier bonus -->
		<passive_effect name="BlockDamage" operation="perc_add" value="-.15,.15" tags="perkDeepCuts"/> <!-- random BlockDmg -->
		<passive_effect name="BlockDamage" operation="perc_add" value=".1,.5" tier="2,6" tags="perkDeepCuts"/> <!-- tier bonus -->

		<passive_effect name="DamageModifier" operation="perc_add" value="-.8" tags="earth"/>
		<passive_effect name="DamageModifier" operation="perc_add" value="-.8" tags="stone"/>
		<passive_effect name="DamageModifier" operation="perc_add" value="-.8" tags="metal"/>
		<passive_effect name="HarvestCount" operation="base_set" value="1" tags="butcherHarvest"/>
		<!--<passive_effect name="BlockDamage" operation="perc_add" value="1.5" tags="blockButcher"/>-->
	</effect_group>
	<effect_group name="Power Attack">
		<passive_effect name="EntityDamage" operation="perc_add" value="1" tags="secondary"/>
		<passive_effect name="BlockDamage" operation="perc_add" value="1" tags="secondary"/>
		<passive_effect name="StaminaLoss" operation="base_set" value="32.7" tags="secondary"/>
	</effect_group>
	<effect_group name="sneak damage bonus">
		<requirement name="CVarCompare" cvar="_crouching" operation="Equals" value="1"/>
		<requirement name="CVarCompare" cvar="_notAlerted" operation="GT" value="0" target="other"/>
			<passive_effect name="DamageBonus" operation="base_add" value="4"/>
			<passive_effect name="EntityDamage" operation="perc_add" value="4" tags="perkDeepCuts"/>
			<display_value name="dEntityDamageSneak" value="4"/>
	</effect_group>
</item>

<item name="meleeWpnBladeCyanLightsaber">
	<property name="Tags" value="machete,melee,grunting,light,longShaft,perkFlurryOfBlows,weapon,meleeWeapon,attAgility,perkDeepCuts,perkTheHuntsman,canHaveCosmetic"/>
	<property name="DisplayType" value="meleeKnife"/>
	<property name="UnlockedBy" value="LightsaberSchematic"/>
	<property name="HoldType" value="47"/>
	<property name="CustomIcon" value="sabercyan"/>
	<property name="Meshfile" value="#@modfolder:Resources/SaberCyan.unity3d?CyanSaber.Prefab"/>
	<property name="Material" value="MmeleeWpnBladeParts"/> <property name="Weight" value="6"/>
	<property name="RepairTools" value="resourceRawDiamond"/>
	<property name="DegradationBreaksAfter" value="false"/>
	<property name="EconomicValue" value="700"/>
	<property name="SoundJammed" value="ItemNeedsRepair"/>
	<property name="SoundDestroy" value="wooddestroy1"/>
	<property name="SoundUnholster" value="Saber_Ignition"/>
	<property name="SoundHolster" value="Saber_Off"/>
	<property name="Group" value="Ammo/Weapons,Melee Weapons"/>
	<property name="RepairExpMultiplier" value="5.5"/>
	<property name="ShowQuality" value="true"/>

	<property class="Action0">
		<property name="Class" value="DynamicMelee"/>
		<property name="Damage_type" value="Slashing"/>
		<property name="Sphere" value=".15"/>   <!-- limit to 0.15, else the sphere cast can overlap the target already -->
		<property name="Sound_start" value="Saber_Swing"/>
		<property name="ToolCategory.Butcher" value="0" param1="4.7"/>
			<!-- This triggers the use of the special corpse harvesting animation if there is a matching harvest event.
			Also, param1  is the damage multiplier for corpse harvesting. -->
		<property name="UseGrazingHits" value="true"/>
		<property name="GrazeStart" value=".28"/>
		<property name="GrazeEnd" value=".4"/>
		<property name="SwingDegrees" value="80"/>
		<property name="SwingAngle" value="130"/>
		<property class="HitSounds">
			<property name="Override0" value="organic" param1="metalslashorganic"/>
		</property>
		<property class="GrazeSounds">
			<property name="Override0" value="organic" param1="metalgrazeorganic"/>
		</property>
	</property>
	<property class="Action1">
		<property name="Class" value="DynamicMelee"/>
		<property name="Damage_type" value="Slashing"/>
		<property name="Sphere" value=".15"/>   <!-- limit to 0.15, else the sphere cast can overlap the target already -->
		<property name="Sound_start" value="Saber_Swing"/>
		<property name="ToolCategory.Butcher" value="0" param1="4.7"/>
		<property name="UsePowerAttackAnimation" value="true"/>

		<property name="UseGrazingHits" value="true"/>
		<property name="IsHorizontalSwing" value="true"/>
		<property name="GrazeStart" value=".3"/>
		<property name="GrazeEnd" value=".4"/>
		<property name="SwingDegrees" value="-80"/>
		<property name="SwingAngle" value="-60"/>
		<property class="HitSounds">
			<property name="Override0" value="organic" param1="metalslashorganic"/>
		</property>
		<property class="GrazeSounds">
			<property name="Override0" value="organic" param1="metalgrazeorganic"/>
		</property>
	</property>
	<effect_group name="meleeWpnBladeCyanLightsaber">
		<passive_effect name="EntityDamage" operation="base_set" value="1000" tags="perkDeepCuts"/> <!-- meleeWpnBladeT3Machete -->
		<passive_effect name="BlockDamage" operation="base_set" value="600" tags="perkDeepCuts"/>
		<passive_effect name="AttacksPerMinute" operation="base_set" value="60" tags="perkDeepCuts,perkFlurryOfBlows"/>
		<passive_effect name="StaminaLoss" operation="base_set" value="10.0" tags="primary"/>
		<passive_effect name="DegradationMax" operation="base_set" value="288,10000" tier="1,6" tags="perkDeepCuts"/>
		<passive_effect name="DegradationPerUse" operation="base_set" value="1" tags="perkDeepCuts"/>
		<passive_effect name="MaxRange" operation="base_set" value="2.3" tags="perkDeepCuts"/>
		<passive_effect name="BlockRange" operation="base_set" value="3.5" tags="perkDeepCuts"/>

		<passive_effect name="ModSlots" operation="base_set" value="6,6,6,6,6,6" tier="1,2,3,4,5,6"/>
		<passive_effect name="ModPowerBonus" operation="perc_add" value=".10" tags="EntityDamage,BlockDamage"/>
		<passive_effect name="ModPowerBonus" operation="base_add" value="300" tags="EconomicValue"/>

		<passive_effect name="EntityDamage" operation="perc_add" value="-.15,.15" tags="perkDeepCuts"/> <!-- random EntityDmg -->
		<passive_effect name="EntityDamage" operation="perc_add" value=".1,.5" tier="2,6" tags="perkDeepCuts"/> <!-- tier bonus -->
		<passive_effect name="BlockDamage" operation="perc_add" value="-.15,.15" tags="perkDeepCuts"/> <!-- random BlockDmg -->
		<passive_effect name="BlockDamage" operation="perc_add" value=".1,.5" tier="2,6" tags="perkDeepCuts"/> <!-- tier bonus -->

		<passive_effect name="DamageModifier" operation="perc_add" value="-.8" tags="earth"/>
		<passive_effect name="DamageModifier" operation="perc_add" value="-.8" tags="stone"/>
		<passive_effect name="DamageModifier" operation="perc_add" value="-.8" tags="metal"/>
		<passive_effect name="HarvestCount" operation="base_set" value="1" tags="butcherHarvest"/>
		<!--<passive_effect name="BlockDamage" operation="perc_add" value="1.5" tags="blockButcher"/>-->
	</effect_group>
	<effect_group name="Power Attack">
		<passive_effect name="EntityDamage" operation="perc_add" value="1" tags="secondary"/>
		<passive_effect name="BlockDamage" operation="perc_add" value="1" tags="secondary"/>
		<passive_effect name="StaminaLoss" operation="base_set" value="32.7" tags="secondary"/>
	</effect_group>
	<effect_group name="sneak damage bonus">
		<requirement name="CVarCompare" cvar="_crouching" operation="Equals" value="1"/>
		<requirement name="CVarCompare" cvar="_notAlerted" operation="GT" value="0" target="other"/>
			<passive_effect name="DamageBonus" operation="base_add" value="4"/>
			<passive_effect name="EntityDamage" operation="perc_add" value="4" tags="perkDeepCuts"/>
			<display_value name="dEntityDamageSneak" value="4"/>
	</effect_group>
</item>

<item name="meleeWpnBladeDarkLightsaber">
	<property name="Tags" value="machete,melee,grunting,light,longShaft,perkFlurryOfBlows,weapon,meleeWeapon,attAgility,perkDeepCuts,perkTheHuntsman,canHaveCosmetic"/>
	<property name="DisplayType" value="meleeKnife"/>
	<property name="UnlockedBy" value="LightsaberSchematic"/>
	<property name="CustomIcon" value="saberdark"/>
	<property name="HoldType" value="47"/>
	<property name="Meshfile" value="#@modfolder:Resources/SaberDark.unity3d?DarkSaber.Prefab"/>
	<property name="Material" value="MmeleeWpnBladeParts"/> <property name="Weight" value="6"/>
	<property name="RepairTools" value="resourceRawDiamond"/>
	<property name="DegradationBreaksAfter" value="false"/>
	<property name="EconomicValue" value="700"/>
	<property name="SoundJammed" value="ItemNeedsRepair"/>
	<property name="SoundDestroy" value="wooddestroy1"/>
	<property name="SoundUnholster" value="Saber_Ignition"/>
	<property name="SoundHolster" value="Saber_Off"/>
	<property name="Group" value="Ammo/Weapons,Melee Weapons"/>
	<property name="RepairExpMultiplier" value="5.5"/>
	<property name="ShowQuality" value="true"/>

	<property class="Action0">
		<property name="Class" value="DynamicMelee"/>
		<property name="Damage_type" value="Slashing"/>
		<property name="Sphere" value=".15"/>   <!-- limit to 0.15, else the sphere cast can overlap the target already -->
		<property name="Sound_start" value="Saber_Swing"/>
		<property name="ToolCategory.Butcher" value="0" param1="4.7"/>
			<!-- This triggers the use of the special corpse harvesting animation if there is a matching harvest event.
			Also, param1  is the damage multiplier for corpse harvesting. -->
		<property name="UseGrazingHits" value="true"/>
		<property name="GrazeStart" value=".28"/>
		<property name="GrazeEnd" value=".4"/>
		<property name="SwingDegrees" value="80"/>
		<property name="SwingAngle" value="130"/>
		<property class="HitSounds">
			<property name="Override0" value="organic" param1="metalslashorganic"/>
		</property>
		<property class="GrazeSounds">
			<property name="Override0" value="organic" param1="metalgrazeorganic"/>
		</property>
	</property>
	<property class="Action1">
		<property name="Class" value="DynamicMelee"/>
		<property name="Damage_type" value="Slashing"/>
		<property name="Sphere" value=".15"/>   <!-- limit to 0.15, else the sphere cast can overlap the target already -->
		<property name="Sound_start" value="Saber_Swing"/>
		<property name="ToolCategory.Butcher" value="0" param1="4.7"/>
		<property name="UsePowerAttackAnimation" value="true"/>

		<property name="UseGrazingHits" value="true"/>
		<property name="IsHorizontalSwing" value="true"/>
		<property name="GrazeStart" value=".3"/>
		<property name="GrazeEnd" value=".4"/>
		<property name="SwingDegrees" value="-80"/>
		<property name="SwingAngle" value="-60"/>
		<property class="HitSounds">
			<property name="Override0" value="organic" param1="metalslashorganic"/>
		</property>
		<property class="GrazeSounds">
			<property name="Override0" value="organic" param1="metalgrazeorganic"/>
		</property>
	</property>
	<effect_group name="meleeWpnBladeDarkLightsaber">
		<passive_effect name="EntityDamage" operation="base_set" value="1000" tags="perkDeepCuts"/> <!-- meleeWpnBladeT3Machete -->
		<passive_effect name="BlockDamage" operation="base_set" value="600" tags="perkDeepCuts"/>
		<passive_effect name="AttacksPerMinute" operation="base_set" value="60" tags="perkDeepCuts,perkFlurryOfBlows"/>
		<passive_effect name="StaminaLoss" operation="base_set" value="10.0" tags="primary"/>
		<passive_effect name="DegradationMax" operation="base_set" value="288,10000" tier="1,6" tags="perkDeepCuts"/>
		<passive_effect name="DegradationPerUse" operation="base_set" value="1" tags="perkDeepCuts"/>
		<passive_effect name="MaxRange" operation="base_set" value="2.3" tags="perkDeepCuts"/>
		<passive_effect name="BlockRange" operation="base_set" value="3.5" tags="perkDeepCuts"/>

		<passive_effect name="ModSlots" operation="base_set" value="6,6,6,6,6,6" tier="1,2,3,4,5,6"/>
		<passive_effect name="ModPowerBonus" operation="perc_add" value=".10" tags="EntityDamage,BlockDamage"/>
		<passive_effect name="ModPowerBonus" operation="base_add" value="300" tags="EconomicValue"/>

		<passive_effect name="EntityDamage" operation="perc_add" value="-.15,.15" tags="perkDeepCuts"/> <!-- random EntityDmg -->
		<passive_effect name="EntityDamage" operation="perc_add" value=".1,.5" tier="2,6" tags="perkDeepCuts"/> <!-- tier bonus -->
		<passive_effect name="BlockDamage" operation="perc_add" value="-.15,.15" tags="perkDeepCuts"/> <!-- random BlockDmg -->
		<passive_effect name="BlockDamage" operation="perc_add" value=".1,.5" tier="2,6" tags="perkDeepCuts"/> <!-- tier bonus -->

		<passive_effect name="DamageModifier" operation="perc_add" value="-.8" tags="earth"/>
		<passive_effect name="DamageModifier" operation="perc_add" value="-.8" tags="stone"/>
		<passive_effect name="DamageModifier" operation="perc_add" value="-.8" tags="metal"/>
		<passive_effect name="HarvestCount" operation="base_set" value="1" tags="butcherHarvest"/>
		<!--<passive_effect name="BlockDamage" operation="perc_add" value="1.5" tags="blockButcher"/>-->
	</effect_group>
	<effect_group name="Power Attack">
		<passive_effect name="EntityDamage" operation="perc_add" value="1" tags="secondary"/>
		<passive_effect name="BlockDamage" operation="perc_add" value="1" tags="secondary"/>
		<passive_effect name="StaminaLoss" operation="base_set" value="32.7" tags="secondary"/>
	</effect_group>
	<effect_group name="sneak damage bonus">
		<requirement name="CVarCompare" cvar="_crouching" operation="Equals" value="1"/>
		<requirement name="CVarCompare" cvar="_notAlerted" operation="GT" value="0" target="other"/>
			<passive_effect name="DamageBonus" operation="base_add" value="4"/>
			<passive_effect name="EntityDamage" operation="perc_add" value="4" tags="perkDeepCuts"/>
			<display_value name="dEntityDamageSneak" value="4"/>
	</effect_group>
</item>

<item name="meleeWpnBladeGreenLightsaber">
	<property name="Tags" value="machete,melee,grunting,light,longShaft,perkFlurryOfBlows,weapon,meleeWeapon,attAgility,perkDeepCuts,perkTheHuntsman,canHaveCosmetic"/>
	<property name="DisplayType" value="meleeKnife"/>
	<property name="UnlockedBy" value="LightsaberSchematic"/>
	<property name="CustomIcon" value="sabergreen"/>
	<property name="HoldType" value="47"/>
	<property name="Meshfile" value="#@modfolder:Resources/Sabers.unity3d?GreenSaber.Prefab"/>
	<property name="Material" value="MmeleeWpnBladeParts"/> <property name="Weight" value="6"/>
	<property name="RepairTools" value="resourceRawDiamond"/>
	<property name="DegradationBreaksAfter" value="false"/>
	<property name="EconomicValue" value="700"/>
	<property name="SoundJammed" value="ItemNeedsRepair"/>
	<property name="SoundDestroy" value="wooddestroy1"/>
	<property name="SoundUnholster" value="Saber_Ignition"/>
	<property name="SoundHolster" value="Saber_Off"/>
	<property name="Group" value="Ammo/Weapons,Melee Weapons"/>
	<property name="RepairExpMultiplier" value="5.5"/>
	<property name="ShowQuality" value="true"/>

	<property class="Action0">
		<property name="Class" value="DynamicMelee"/>
		<property name="Damage_type" value="Slashing"/>
		<property name="Sphere" value=".15"/>   <!-- limit to 0.15, else the sphere cast can overlap the target already -->
		<property name="Sound_start" value="Saber_Swing"/>
		<property name="ToolCategory.Butcher" value="0" param1="4.7"/>
			<!-- This triggers the use of the special corpse harvesting animation if there is a matching harvest event.
			Also, param1  is the damage multiplier for corpse harvesting. -->
		<property name="UseGrazingHits" value="true"/>
		<property name="GrazeStart" value=".28"/>
		<property name="GrazeEnd" value=".4"/>
		<property name="SwingDegrees" value="80"/>
		<property name="SwingAngle" value="130"/>
		<property class="HitSounds">
			<property name="Override0" value="organic" param1="metalslashorganic"/>
		</property>
		<property class="GrazeSounds">
			<property name="Override0" value="organic" param1="metalgrazeorganic"/>
		</property>
	</property>
	<property class="Action1">
		<property name="Class" value="DynamicMelee"/>
		<property name="Damage_type" value="Slashing"/>
		<property name="Sphere" value=".15"/>   <!-- limit to 0.15, else the sphere cast can overlap the target already -->
		<property name="Sound_start" value="Saber_Swing"/>
		<property name="ToolCategory.Butcher" value="0" param1="4.7"/>
		<property name="UsePowerAttackAnimation" value="true"/>

		<property name="UseGrazingHits" value="true"/>
		<property name="IsHorizontalSwing" value="true"/>
		<property name="GrazeStart" value=".3"/>
		<property name="GrazeEnd" value=".4"/>
		<property name="SwingDegrees" value="-80"/>
		<property name="SwingAngle" value="-60"/>
		<property class="HitSounds">
			<property name="Override0" value="organic" param1="metalslashorganic"/>
		</property>
		<property class="GrazeSounds">
			<property name="Override0" value="organic" param1="metalgrazeorganic"/>
		</property>
	</property>
	<effect_group name="meleeWpnBladeGreenLightsaber">
		<passive_effect name="EntityDamage" operation="base_set" value="1000" tags="perkDeepCuts"/> <!-- meleeWpnBladeT3Machete -->
		<passive_effect name="BlockDamage" operation="base_set" value="600" tags="perkDeepCuts"/>
		<passive_effect name="AttacksPerMinute" operation="base_set" value="60" tags="perkDeepCuts,perkFlurryOfBlows"/>
		<passive_effect name="StaminaLoss" operation="base_set" value="10.0" tags="primary"/>
		<passive_effect name="DegradationMax" operation="base_set" value="288,10000" tier="1,6" tags="perkDeepCuts"/>
		<passive_effect name="DegradationPerUse" operation="base_set" value="1" tags="perkDeepCuts"/>
		<passive_effect name="MaxRange" operation="base_set" value="2.3" tags="perkDeepCuts"/>
		<passive_effect name="BlockRange" operation="base_set" value="3.5" tags="perkDeepCuts"/>

		<passive_effect name="ModSlots" operation="base_set" value="6,6,6,6,6,6" tier="1,2,3,4,5,6"/>
		<passive_effect name="ModPowerBonus" operation="perc_add" value=".10" tags="EntityDamage,BlockDamage"/>
		<passive_effect name="ModPowerBonus" operation="base_add" value="300" tags="EconomicValue"/>

		<passive_effect name="EntityDamage" operation="perc_add" value="-.15,.15" tags="perkDeepCuts"/> <!-- random EntityDmg -->
		<passive_effect name="EntityDamage" operation="perc_add" value=".1,.5" tier="2,6" tags="perkDeepCuts"/> <!-- tier bonus -->
		<passive_effect name="BlockDamage" operation="perc_add" value="-.15,.15" tags="perkDeepCuts"/> <!-- random BlockDmg -->
		<passive_effect name="BlockDamage" operation="perc_add" value=".1,.5" tier="2,6" tags="perkDeepCuts"/> <!-- tier bonus -->

		<passive_effect name="DamageModifier" operation="perc_add" value="-.8" tags="earth"/>
		<passive_effect name="DamageModifier" operation="perc_add" value="-.8" tags="stone"/>
		<passive_effect name="DamageModifier" operation="perc_add" value="-.8" tags="metal"/>
		<passive_effect name="HarvestCount" operation="base_set" value="1" tags="butcherHarvest"/>
		<!--<passive_effect name="BlockDamage" operation="perc_add" value="1.5" tags="blockButcher"/>-->
	</effect_group>
	<effect_group name="Power Attack">
		<passive_effect name="EntityDamage" operation="perc_add" value="1" tags="secondary"/>
		<passive_effect name="BlockDamage" operation="perc_add" value="1" tags="secondary"/>
		<passive_effect name="StaminaLoss" operation="base_set" value="32.7" tags="secondary"/>
	</effect_group>
	<effect_group name="sneak damage bonus">
		<requirement name="CVarCompare" cvar="_crouching" operation="Equals" value="1"/>
		<requirement name="CVarCompare" cvar="_notAlerted" operation="GT" value="0" target="other"/>
			<passive_effect name="DamageBonus" operation="base_add" value="4"/>
			<passive_effect name="EntityDamage" operation="perc_add" value="4" tags="perkDeepCuts"/>
			<display_value name="dEntityDamageSneak" value="4"/>
	</effect_group>
</item>

<item name="meleeWpnBladeIndigoLightsaber">
	<property name="Tags" value="machete,melee,grunting,light,longShaft,perkFlurryOfBlows,weapon,meleeWeapon,attAgility,perkDeepCuts,perkTheHuntsman,canHaveCosmetic"/>
	<property name="DisplayType" value="meleeKnife"/>
	<property name="UnlockedBy" value="LightsaberSchematic"/>
	<property name="CustomIcon" value="saberindigo"/>
	<property name="HoldType" value="47"/>
	<property name="Meshfile" value="#@modfolder:Resources/SaberIndigo.unity3d?IndigoSaber.Prefab"/>
	<property name="Material" value="MmeleeWpnBladeParts"/> <property name="Weight" value="6"/>
	<property name="RepairTools" value="resourceRawDiamond"/>
	<property name="DegradationBreaksAfter" value="false"/>
	<property name="EconomicValue" value="700"/>
	<property name="SoundJammed" value="ItemNeedsRepair"/>
	<property name="SoundDestroy" value="wooddestroy1"/>
	<property name="SoundUnholster" value="Saber_Ignition"/>
	<property name="SoundHolster" value="Saber_Off"/>
	<property name="Group" value="Ammo/Weapons,Melee Weapons"/>
	<property name="RepairExpMultiplier" value="5.5"/>
	<property name="ShowQuality" value="true"/>

	<property class="Action0">
		<property name="Class" value="DynamicMelee"/>
		<property name="Damage_type" value="Slashing"/>
		<property name="Sphere" value=".15"/>   <!-- limit to 0.15, else the sphere cast can overlap the target already -->
		<property name="Sound_start" value="Saber_Swing"/>
		<property name="ToolCategory.Butcher" value="0" param1="4.7"/>
			<!-- This triggers the use of the special corpse harvesting animation if there is a matching harvest event.
			Also, param1  is the damage multiplier for corpse harvesting. -->
		<property name="UseGrazingHits" value="true"/>
		<property name="GrazeStart" value=".28"/>
		<property name="GrazeEnd" value=".4"/>
		<property name="SwingDegrees" value="80"/>
		<property name="SwingAngle" value="130"/>
		<property class="HitSounds">
			<property name="Override0" value="organic" param1="metalslashorganic"/>
		</property>
		<property class="GrazeSounds">
			<property name="Override0" value="organic" param1="metalgrazeorganic"/>
		</property>
	</property>
	<property class="Action1">
		<property name="Class" value="DynamicMelee"/>
		<property name="Damage_type" value="Slashing"/>
		<property name="Sphere" value=".15"/>   <!-- limit to 0.15, else the sphere cast can overlap the target already -->
		<property name="Sound_start" value="Saber_Swing"/>
		<property name="ToolCategory.Butcher" value="0" param1="4.7"/>
		<property name="UsePowerAttackAnimation" value="true"/>

		<property name="UseGrazingHits" value="true"/>
		<property name="IsHorizontalSwing" value="true"/>
		<property name="GrazeStart" value=".3"/>
		<property name="GrazeEnd" value=".4"/>
		<property name="SwingDegrees" value="-80"/>
		<property name="SwingAngle" value="-60"/>
		<property class="HitSounds">
			<property name="Override0" value="organic" param1="metalslashorganic"/>
		</property>
		<property class="GrazeSounds">
			<property name="Override0" value="organic" param1="metalgrazeorganic"/>
		</property>
	</property>
	<effect_group name="meleeWpnBladeIndigoLightsaber">
		<passive_effect name="EntityDamage" operation="base_set" value="1000" tags="perkDeepCuts"/> <!-- meleeWpnBladeT3Machete -->
		<passive_effect name="BlockDamage" operation="base_set" value="600" tags="perkDeepCuts"/>
		<passive_effect name="AttacksPerMinute" operation="base_set" value="60" tags="perkDeepCuts,perkFlurryOfBlows"/>
		<passive_effect name="StaminaLoss" operation="base_set" value="10.0" tags="primary"/>
		<passive_effect name="DegradationMax" operation="base_set" value="288,10000" tier="1,6" tags="perkDeepCuts"/>
		<passive_effect name="DegradationPerUse" operation="base_set" value="1" tags="perkDeepCuts"/>
		<passive_effect name="MaxRange" operation="base_set" value="2.3" tags="perkDeepCuts"/>
		<passive_effect name="BlockRange" operation="base_set" value="3.5" tags="perkDeepCuts"/>

		<passive_effect name="ModSlots" operation="base_set" value="6,6,6,6,6,6" tier="1,2,3,4,5,6"/>
		<passive_effect name="ModPowerBonus" operation="perc_add" value=".10" tags="EntityDamage,BlockDamage"/>
		<passive_effect name="ModPowerBonus" operation="base_add" value="300" tags="EconomicValue"/>

		<passive_effect name="EntityDamage" operation="perc_add" value="-.15,.15" tags="perkDeepCuts"/> <!-- random EntityDmg -->
		<passive_effect name="EntityDamage" operation="perc_add" value=".1,.5" tier="2,6" tags="perkDeepCuts"/> <!-- tier bonus -->
		<passive_effect name="BlockDamage" operation="perc_add" value="-.15,.15" tags="perkDeepCuts"/> <!-- random BlockDmg -->
		<passive_effect name="BlockDamage" operation="perc_add" value=".1,.5" tier="2,6" tags="perkDeepCuts"/> <!-- tier bonus -->

		<passive_effect name="DamageModifier" operation="perc_add" value="-.8" tags="earth"/>
		<passive_effect name="DamageModifier" operation="perc_add" value="-.8" tags="stone"/>
		<passive_effect name="DamageModifier" operation="perc_add" value="-.8" tags="metal"/>
		<passive_effect name="HarvestCount" operation="base_set" value="1" tags="butcherHarvest"/>
		<!--<passive_effect name="BlockDamage" operation="perc_add" value="1.5" tags="blockButcher"/>-->
	</effect_group>
	<effect_group name="Power Attack">
		<passive_effect name="EntityDamage" operation="perc_add" value="1" tags="secondary"/>
		<passive_effect name="BlockDamage" operation="perc_add" value="1" tags="secondary"/>
		<passive_effect name="StaminaLoss" operation="base_set" value="32.7" tags="secondary"/>
	</effect_group>
	<effect_group name="sneak damage bonus">
		<requirement name="CVarCompare" cvar="_crouching" operation="Equals" value="1"/>
		<requirement name="CVarCompare" cvar="_notAlerted" operation="GT" value="0" target="other"/>
			<passive_effect name="DamageBonus" operation="base_add" value="4"/>
			<passive_effect name="EntityDamage" operation="perc_add" value="4" tags="perkDeepCuts"/>
			<display_value name="dEntityDamageSneak" value="4"/>
	</effect_group>
</item>

<item name="meleeWpnBladeMagentaLightsaber">
	<property name="Tags" value="machete,melee,grunting,light,longShaft,perkFlurryOfBlows,weapon,meleeWeapon,attAgility,perkDeepCuts,perkTheHuntsman,canHaveCosmetic"/>
	<property name="DisplayType" value="meleeKnife"/>
	<property name="UnlockedBy" value="LightsaberSchematic"/>
	<property name="CustomIcon" value="saberpink"/>
	<property name="HoldType" value="47"/>
	<property name="Meshfile" value="#@modfolder:Resources/SaberMagenta.unity3d?MagentaSaber.Prefab"/>
	<property name="Material" value="MmeleeWpnBladeParts"/> <property name="Weight" value="6"/>
	<property name="RepairTools" value="resourceRawDiamond"/>
	<property name="DegradationBreaksAfter" value="false"/>
	<property name="EconomicValue" value="700"/>
	<property name="SoundJammed" value="ItemNeedsRepair"/>
	<property name="SoundDestroy" value="wooddestroy1"/>
	<property name="SoundUnholster" value="Saber_Ignition"/>
	<property name="SoundHolster" value="Saber_Off"/>
	<property name="Group" value="Ammo/Weapons,Melee Weapons"/>
	<property name="RepairExpMultiplier" value="5.5"/>
	<property name="ShowQuality" value="true"/>

	<property class="Action0">
		<property name="Class" value="DynamicMelee"/>
		<property name="Damage_type" value="Slashing"/>
		<property name="Sphere" value=".15"/>   <!-- limit to 0.15, else the sphere cast can overlap the target already -->
		<property name="Sound_start" value="Saber_Swing"/>
		<property name="ToolCategory.Butcher" value="0" param1="4.7"/>
			<!-- This triggers the use of the special corpse harvesting animation if there is a matching harvest event.
			Also, param1  is the damage multiplier for corpse harvesting. -->
		<property name="UseGrazingHits" value="true"/>
		<property name="GrazeStart" value=".28"/>
		<property name="GrazeEnd" value=".4"/>
		<property name="SwingDegrees" value="80"/>
		<property name="SwingAngle" value="130"/>
		<property class="HitSounds">
			<property name="Override0" value="organic" param1="metalslashorganic"/>
		</property>
		<property class="GrazeSounds">
			<property name="Override0" value="organic" param1="metalgrazeorganic"/>
		</property>
	</property>
	<property class="Action1">
		<property name="Class" value="DynamicMelee"/>
		<property name="Damage_type" value="Slashing"/>
		<property name="Sphere" value=".15"/>   <!-- limit to 0.15, else the sphere cast can overlap the target already -->
		<property name="Sound_start" value="Saber_Swing"/>
		<property name="ToolCategory.Butcher" value="0" param1="4.7"/>
		<property name="UsePowerAttackAnimation" value="true"/>

		<property name="UseGrazingHits" value="true"/>
		<property name="IsHorizontalSwing" value="true"/>
		<property name="GrazeStart" value=".3"/>
		<property name="GrazeEnd" value=".4"/>
		<property name="SwingDegrees" value="-80"/>
		<property name="SwingAngle" value="-60"/>
		<property class="HitSounds">
			<property name="Override0" value="organic" param1="metalslashorganic"/>
		</property>
		<property class="GrazeSounds">
			<property name="Override0" value="organic" param1="metalgrazeorganic"/>
		</property>
	</property>
	<effect_group name="meleeWpnBladeMagentaLightsaber">
		<passive_effect name="EntityDamage" operation="base_set" value="1000" tags="perkDeepCuts"/> <!-- meleeWpnBladeT3Machete -->
		<passive_effect name="BlockDamage" operation="base_set" value="600" tags="perkDeepCuts"/>
		<passive_effect name="AttacksPerMinute" operation="base_set" value="60" tags="perkDeepCuts,perkFlurryOfBlows"/>
		<passive_effect name="StaminaLoss" operation="base_set" value="10.0" tags="primary"/>
		<passive_effect name="DegradationMax" operation="base_set" value="288,10000" tier="1,6" tags="perkDeepCuts"/>
		<passive_effect name="DegradationPerUse" operation="base_set" value="1" tags="perkDeepCuts"/>
		<passive_effect name="MaxRange" operation="base_set" value="2.3" tags="perkDeepCuts"/>
		<passive_effect name="BlockRange" operation="base_set" value="3.5" tags="perkDeepCuts"/>

		<passive_effect name="ModSlots" operation="base_set" value="6,6,6,6,6,6" tier="1,2,3,4,5,6"/>
		<passive_effect name="ModPowerBonus" operation="perc_add" value=".10" tags="EntityDamage,BlockDamage"/>
		<passive_effect name="ModPowerBonus" operation="base_add" value="300" tags="EconomicValue"/>

		<passive_effect name="EntityDamage" operation="perc_add" value="-.15,.15" tags="perkDeepCuts"/> <!-- random EntityDmg -->
		<passive_effect name="EntityDamage" operation="perc_add" value=".1,.5" tier="2,6" tags="perkDeepCuts"/> <!-- tier bonus -->
		<passive_effect name="BlockDamage" operation="perc_add" value="-.15,.15" tags="perkDeepCuts"/> <!-- random BlockDmg -->
		<passive_effect name="BlockDamage" operation="perc_add" value=".1,.5" tier="2,6" tags="perkDeepCuts"/> <!-- tier bonus -->

		<passive_effect name="DamageModifier" operation="perc_add" value="-.8" tags="earth"/>
		<passive_effect name="DamageModifier" operation="perc_add" value="-.8" tags="stone"/>
		<passive_effect name="DamageModifier" operation="perc_add" value="-.8" tags="metal"/>
		<passive_effect name="HarvestCount" operation="base_set" value="1" tags="butcherHarvest"/>
		<!--<passive_effect name="BlockDamage" operation="perc_add" value="1.5" tags="blockButcher"/>-->
	</effect_group>
	<effect_group name="Power Attack">
		<passive_effect name="EntityDamage" operation="perc_add" value="1" tags="secondary"/>
		<passive_effect name="BlockDamage" operation="perc_add" value="1" tags="secondary"/>
		<passive_effect name="StaminaLoss" operation="base_set" value="32.7" tags="secondary"/>
	</effect_group>
	<effect_group name="sneak damage bonus">
		<requirement name="CVarCompare" cvar="_crouching" operation="Equals" value="1"/>
		<requirement name="CVarCompare" cvar="_notAlerted" operation="GT" value="0" target="other"/>
			<passive_effect name="DamageBonus" operation="base_add" value="4"/>
			<passive_effect name="EntityDamage" operation="perc_add" value="4" tags="perkDeepCuts"/>
			<display_value name="dEntityDamageSneak" value="4"/>
	</effect_group>
</item>

<item name="meleeWpnBladeOrangeLightsaber">
	<property name="Tags" value="machete,melee,grunting,light,longShaft,perkFlurryOfBlows,weapon,meleeWeapon,attAgility,perkDeepCuts,perkTheHuntsman,canHaveCosmetic"/>
	<property name="DisplayType" value="meleeKnife"/>
	<property name="UnlockedBy" value="LightsaberSchematic"/>
	<property name="CustomIcon" value="saberorange"/>
	<property name="HoldType" value="47"/>
	<property name="Meshfile" value="#@modfolder:Resources/SaberOrange.unity3d?OrangeSaber.Prefab"/>
	<property name="Material" value="MmeleeWpnBladeParts"/> <property name="Weight" value="6"/>
	<property name="RepairTools" value="resourceRawDiamond"/>
	<property name="DegradationBreaksAfter" value="false"/>
	<property name="EconomicValue" value="700"/>
	<property name="SoundJammed" value="ItemNeedsRepair"/>
	<property name="SoundDestroy" value="wooddestroy1"/>
	<property name="SoundUnholster" value="Saber_Ignition"/>
	<property name="SoundHolster" value="Saber_Off"/>
	<property name="Group" value="Ammo/Weapons,Melee Weapons"/>
	<property name="RepairExpMultiplier" value="5.5"/>
	<property name="ShowQuality" value="true"/>

	<property class="Action0">
		<property name="Class" value="DynamicMelee"/>
		<property name="Damage_type" value="Slashing"/>
		<property name="Sphere" value=".15"/>   <!-- limit to 0.15, else the sphere cast can overlap the target already -->
		<property name="Sound_start" value="Saber_Swing"/>
		<property name="ToolCategory.Butcher" value="0" param1="4.7"/>
			<!-- This triggers the use of the special corpse harvesting animation if there is a matching harvest event.
			Also, param1  is the damage multiplier for corpse harvesting. -->
		<property name="UseGrazingHits" value="true"/>
		<property name="GrazeStart" value=".28"/>
		<property name="GrazeEnd" value=".4"/>
		<property name="SwingDegrees" value="80"/>
		<property name="SwingAngle" value="130"/>
		<property class="HitSounds">
			<property name="Override0" value="organic" param1="metalslashorganic"/>
		</property>
		<property class="GrazeSounds">
			<property name="Override0" value="organic" param1="metalgrazeorganic"/>
		</property>
	</property>
	<property class="Action1">
		<property name="Class" value="DynamicMelee"/>
		<property name="Damage_type" value="Slashing"/>
		<property name="Sphere" value=".15"/>   <!-- limit to 0.15, else the sphere cast can overlap the target already -->
		<property name="Sound_start" value="Saber_Swing"/>
		<property name="ToolCategory.Butcher" value="0" param1="4.7"/>
		<property name="UsePowerAttackAnimation" value="true"/>

		<property name="UseGrazingHits" value="true"/>
		<property name="IsHorizontalSwing" value="true"/>
		<property name="GrazeStart" value=".3"/>
		<property name="GrazeEnd" value=".4"/>
		<property name="SwingDegrees" value="-80"/>
		<property name="SwingAngle" value="-60"/>
		<property class="HitSounds">
			<property name="Override0" value="organic" param1="metalslashorganic"/>
		</property>
		<property class="GrazeSounds">
			<property name="Override0" value="organic" param1="metalgrazeorganic"/>
		</property>
	</property>
	<effect_group name="meleeWpnBladeOrangeLightsaber">
		<passive_effect name="EntityDamage" operation="base_set" value="1000" tags="perkDeepCuts"/> <!-- meleeWpnBladeT3Machete -->
		<passive_effect name="BlockDamage" operation="base_set" value="600" tags="perkDeepCuts"/>
		<passive_effect name="AttacksPerMinute" operation="base_set" value="60" tags="perkDeepCuts,perkFlurryOfBlows"/>
		<passive_effect name="StaminaLoss" operation="base_set" value="10.0" tags="primary"/>
		<passive_effect name="DegradationMax" operation="base_set" value="288,10000" tier="1,6" tags="perkDeepCuts"/>
		<passive_effect name="DegradationPerUse" operation="base_set" value="1" tags="perkDeepCuts"/>
		<passive_effect name="MaxRange" operation="base_set" value="2.3" tags="perkDeepCuts"/>
		<passive_effect name="BlockRange" operation="base_set" value="3.5" tags="perkDeepCuts"/>

		<passive_effect name="ModSlots" operation="base_set" value="6,6,6,6,6,6" tier="1,2,3,4,5,6"/>
		<passive_effect name="ModPowerBonus" operation="perc_add" value=".10" tags="EntityDamage,BlockDamage"/>
		<passive_effect name="ModPowerBonus" operation="base_add" value="300" tags="EconomicValue"/>

		<passive_effect name="EntityDamage" operation="perc_add" value="-.15,.15" tags="perkDeepCuts"/> <!-- random EntityDmg -->
		<passive_effect name="EntityDamage" operation="perc_add" value=".1,.5" tier="2,6" tags="perkDeepCuts"/> <!-- tier bonus -->
		<passive_effect name="BlockDamage" operation="perc_add" value="-.15,.15" tags="perkDeepCuts"/> <!-- random BlockDmg -->
		<passive_effect name="BlockDamage" operation="perc_add" value=".1,.5" tier="2,6" tags="perkDeepCuts"/> <!-- tier bonus -->

		<passive_effect name="DamageModifier" operation="perc_add" value="-.8" tags="earth"/>
		<passive_effect name="DamageModifier" operation="perc_add" value="-.8" tags="stone"/>
		<passive_effect name="DamageModifier" operation="perc_add" value="-.8" tags="metal"/>
		<passive_effect name="HarvestCount" operation="base_set" value="1" tags="butcherHarvest"/>
		<!--<passive_effect name="BlockDamage" operation="perc_add" value="1.5" tags="blockButcher"/>-->
	</effect_group>
	<effect_group name="Power Attack">
		<passive_effect name="EntityDamage" operation="perc_add" value="1" tags="secondary"/>
		<passive_effect name="BlockDamage" operation="perc_add" value="1" tags="secondary"/>
		<passive_effect name="StaminaLoss" operation="base_set" value="32.7" tags="secondary"/>
	</effect_group>
	<effect_group name="sneak damage bonus">
		<requirement name="CVarCompare" cvar="_crouching" operation="Equals" value="1"/>
		<requirement name="CVarCompare" cvar="_notAlerted" operation="GT" value="0" target="other"/>
			<passive_effect name="DamageBonus" operation="base_add" value="4"/>
			<passive_effect name="EntityDamage" operation="perc_add" value="4" tags="perkDeepCuts"/>
			<display_value name="dEntityDamageSneak" value="4"/>
	</effect_group>
</item>

<item name="meleeWpnBladePurpleLightsaber">
	<property name="Tags" value="machete,melee,grunting,light,longShaft,perkFlurryOfBlows,weapon,meleeWeapon,attAgility,perkDeepCuts,perkTheHuntsman,canHaveCosmetic"/>
	<property name="DisplayType" value="meleeKnife"/>
	<property name="UnlockedBy" value="LightsaberSchematic"/>
	<property name="CustomIcon" value="saberpurple"/>
	<property name="HoldType" value="47"/>
	<property name="Meshfile" value="#@modfolder:Resources/SaberPurple.unity3d?PurpleSaber.Prefab"/>
	<property name="Material" value="MmeleeWpnBladeParts"/> <property name="Weight" value="6"/>
	<property name="RepairTools" value="resourceRawDiamond"/>
	<property name="DegradationBreaksAfter" value="false"/>
	<property name="EconomicValue" value="700"/>
	<property name="SoundJammed" value="ItemNeedsRepair"/>
	<property name="SoundDestroy" value="wooddestroy1"/>
	<property name="SoundUnholster" value="Saber_Ignition"/>
	<property name="SoundHolster" value="Saber_Off"/>
	<property name="Group" value="Ammo/Weapons,Melee Weapons"/>
	<property name="RepairExpMultiplier" value="5.5"/>
	<property name="ShowQuality" value="true"/>

	<property class="Action0">
		<property name="Class" value="DynamicMelee"/>
		<property name="Damage_type" value="Slashing"/>
		<property name="Sphere" value=".15"/>   <!-- limit to 0.15, else the sphere cast can overlap the target already -->
		<property name="Sound_start" value="Saber_Swing"/>
		<property name="ToolCategory.Butcher" value="0" param1="4.7"/>
			<!-- This triggers the use of the special corpse harvesting animation if there is a matching harvest event.
			Also, param1  is the damage multiplier for corpse harvesting. -->
		<property name="UseGrazingHits" value="true"/>
		<property name="GrazeStart" value=".28"/>
		<property name="GrazeEnd" value=".4"/>
		<property name="SwingDegrees" value="80"/>
		<property name="SwingAngle" value="130"/>
		<property class="HitSounds">
			<property name="Override0" value="organic" param1="metalslashorganic"/>
		</property>
		<property class="GrazeSounds">
			<property name="Override0" value="organic" param1="metalgrazeorganic"/>
		</property>
	</property>
	<property class="Action1">
		<property name="Class" value="DynamicMelee"/>
		<property name="Damage_type" value="Slashing"/>
		<property name="Sphere" value=".15"/>   <!-- limit to 0.15, else the sphere cast can overlap the target already -->
		<property name="Sound_start" value="Saber_Swing"/>
		<property name="ToolCategory.Butcher" value="0" param1="4.7"/>
		<property name="UsePowerAttackAnimation" value="true"/>

		<property name="UseGrazingHits" value="true"/>
		<property name="IsHorizontalSwing" value="true"/>
		<property name="GrazeStart" value=".3"/>
		<property name="GrazeEnd" value=".4"/>
		<property name="SwingDegrees" value="-80"/>
		<property name="SwingAngle" value="-60"/>
		<property class="HitSounds">
			<property name="Override0" value="organic" param1="metalslashorganic"/>
		</property>
		<property class="GrazeSounds">
			<property name="Override0" value="organic" param1="metalgrazeorganic"/>
		</property>
	</property>
	<effect_group name="meleeWpnBladePurpleLightsaber">
		<passive_effect name="EntityDamage" operation="base_set" value="1000" tags="perkDeepCuts"/> <!-- meleeWpnBladeT3Machete -->
		<passive_effect name="BlockDamage" operation="base_set" value="600" tags="perkDeepCuts"/>
		<passive_effect name="AttacksPerMinute" operation="base_set" value="60" tags="perkDeepCuts,perkFlurryOfBlows"/>
		<passive_effect name="StaminaLoss" operation="base_set" value="10.0" tags="primary"/>
		<passive_effect name="DegradationMax" operation="base_set" value="288,10000" tier="1,6" tags="perkDeepCuts"/>
		<passive_effect name="DegradationPerUse" operation="base_set" value="1" tags="perkDeepCuts"/>
		<passive_effect name="MaxRange" operation="base_set" value="2.3" tags="perkDeepCuts"/>
		<passive_effect name="BlockRange" operation="base_set" value="3.5" tags="perkDeepCuts"/>

		<passive_effect name="ModSlots" operation="base_set" value="6,6,6,6,6,6" tier="1,2,3,4,5,6"/>
		<passive_effect name="ModPowerBonus" operation="perc_add" value=".10" tags="EntityDamage,BlockDamage"/>
		<passive_effect name="ModPowerBonus" operation="base_add" value="300" tags="EconomicValue"/>

		<passive_effect name="EntityDamage" operation="perc_add" value="-.15,.15" tags="perkDeepCuts"/> <!-- random EntityDmg -->
		<passive_effect name="EntityDamage" operation="perc_add" value=".1,.5" tier="2,6" tags="perkDeepCuts"/> <!-- tier bonus -->
		<passive_effect name="BlockDamage" operation="perc_add" value="-.15,.15" tags="perkDeepCuts"/> <!-- random BlockDmg -->
		<passive_effect name="BlockDamage" operation="perc_add" value=".1,.5" tier="2,6" tags="perkDeepCuts"/> <!-- tier bonus -->

		<passive_effect name="DamageModifier" operation="perc_add" value="-.8" tags="earth"/>
		<passive_effect name="DamageModifier" operation="perc_add" value="-.8" tags="stone"/>
		<passive_effect name="DamageModifier" operation="perc_add" value="-.8" tags="metal"/>
		<passive_effect name="HarvestCount" operation="base_set" value="1" tags="butcherHarvest"/>
		<!--<passive_effect name="BlockDamage" operation="perc_add" value="1.5" tags="blockButcher"/>-->
	</effect_group>
	<effect_group name="Power Attack">
		<passive_effect name="EntityDamage" operation="perc_add" value="1" tags="secondary"/>
		<passive_effect name="BlockDamage" operation="perc_add" value="1" tags="secondary"/>
		<passive_effect name="StaminaLoss" operation="base_set" value="32.7" tags="secondary"/>
	</effect_group>
	<effect_group name="sneak damage bonus">
		<requirement name="CVarCompare" cvar="_crouching" operation="Equals" value="1"/>
		<requirement name="CVarCompare" cvar="_notAlerted" operation="GT" value="0" target="other"/>
			<passive_effect name="DamageBonus" operation="base_add" value="4"/>
			<passive_effect name="EntityDamage" operation="perc_add" value="4" tags="perkDeepCuts"/>
			<display_value name="dEntityDamageSneak" value="4"/>
	</effect_group>
</item>

<item name="meleeWpnBladeWhiteLightsaber">
	<property name="Tags" value="machete,melee,grunting,light,longShaft,perkFlurryOfBlows,weapon,meleeWeapon,attAgility,perkDeepCuts,perkTheHuntsman,canHaveCosmetic"/>
	<property name="DisplayType" value="meleeKnife"/>
	<property name="UnlockedBy" value="LightsaberSchematic"/>
	<property name="CustomIcon" value="saberwhite"/>
	<property name="HoldType" value="47"/>
	<property name="Meshfile" value="#@modfolder:Resources/SaberWhite.unity3d?WhiteSaber.Prefab"/>
	<property name="Material" value="MmeleeWpnBladeParts"/> <property name="Weight" value="6"/>
	<property name="RepairTools" value="resourceRawDiamond"/>
	<property name="DegradationBreaksAfter" value="false"/>
	<property name="EconomicValue" value="700"/>
	<property name="SoundJammed" value="ItemNeedsRepair"/>
	<property name="SoundDestroy" value="wooddestroy1"/>
	<property name="SoundUnholster" value="Saber_Ignition"/>
	<property name="SoundHolster" value="Saber_Off"/>
	<property name="Group" value="Ammo/Weapons,Melee Weapons"/>
	<property name="RepairExpMultiplier" value="5.5"/>
	<property name="ShowQuality" value="true"/>

	<property class="Action0">
		<property name="Class" value="DynamicMelee"/>
		<property name="Damage_type" value="Slashing"/>
		<property name="Sphere" value=".15"/>   <!-- limit to 0.15, else the sphere cast can overlap the target already -->
		<property name="Sound_start" value="Saber_Swing"/>
		<property name="ToolCategory.Butcher" value="0" param1="4.7"/>
			<!-- This triggers the use of the special corpse harvesting animation if there is a matching harvest event.
			Also, param1  is the damage multiplier for corpse harvesting. -->
		<property name="UseGrazingHits" value="true"/>
		<property name="GrazeStart" value=".28"/>
		<property name="GrazeEnd" value=".4"/>
		<property name="SwingDegrees" value="80"/>
		<property name="SwingAngle" value="130"/>
		<property class="HitSounds">
			<property name="Override0" value="organic" param1="metalslashorganic"/>
		</property>
		<property class="GrazeSounds">
			<property name="Override0" value="organic" param1="metalgrazeorganic"/>
		</property>
	</property>
	<property class="Action1">
		<property name="Class" value="DynamicMelee"/>
		<property name="Damage_type" value="Slashing"/>
		<property name="Sphere" value=".15"/>   <!-- limit to 0.15, else the sphere cast can overlap the target already -->
		<property name="Sound_start" value="Saber_Swing"/>
		<property name="ToolCategory.Butcher" value="0" param1="4.7"/>
		<property name="UsePowerAttackAnimation" value="true"/>

		<property name="UseGrazingHits" value="true"/>
		<property name="IsHorizontalSwing" value="true"/>
		<property name="GrazeStart" value=".3"/>
		<property name="GrazeEnd" value=".4"/>
		<property name="SwingDegrees" value="-80"/>
		<property name="SwingAngle" value="-60"/>
		<property class="HitSounds">
			<property name="Override0" value="organic" param1="metalslashorganic"/>
		</property>
		<property class="GrazeSounds">
			<property name="Override0" value="organic" param1="metalgrazeorganic"/>
		</property>
	</property>
	<effect_group name="meleeWpnBladeWhiteLightsaber">
		<passive_effect name="EntityDamage" operation="base_set" value="1000" tags="perkDeepCuts"/> <!-- meleeWpnBladeT3Machete -->
		<passive_effect name="BlockDamage" operation="base_set" value="600" tags="perkDeepCuts"/>
		<passive_effect name="AttacksPerMinute" operation="base_set" value="60" tags="perkDeepCuts,perkFlurryOfBlows"/>
		<passive_effect name="StaminaLoss" operation="base_set" value="10.0" tags="primary"/>
		<passive_effect name="DegradationMax" operation="base_set" value="288,10000" tier="1,6" tags="perkDeepCuts"/>
		<passive_effect name="DegradationPerUse" operation="base_set" value="1" tags="perkDeepCuts"/>
		<passive_effect name="MaxRange" operation="base_set" value="2.3" tags="perkDeepCuts"/>
		<passive_effect name="BlockRange" operation="base_set" value="3.5" tags="perkDeepCuts"/>

		<passive_effect name="ModSlots" operation="base_set" value="6,6,6,6,6,6" tier="1,2,3,4,5,6"/>
		<passive_effect name="ModPowerBonus" operation="perc_add" value=".10" tags="EntityDamage,BlockDamage"/>
		<passive_effect name="ModPowerBonus" operation="base_add" value="300" tags="EconomicValue"/>

		<passive_effect name="EntityDamage" operation="perc_add" value="-.15,.15" tags="perkDeepCuts"/> <!-- random EntityDmg -->
		<passive_effect name="EntityDamage" operation="perc_add" value=".1,.5" tier="2,6" tags="perkDeepCuts"/> <!-- tier bonus -->
		<passive_effect name="BlockDamage" operation="perc_add" value="-.15,.15" tags="perkDeepCuts"/> <!-- random BlockDmg -->
		<passive_effect name="BlockDamage" operation="perc_add" value=".1,.5" tier="2,6" tags="perkDeepCuts"/> <!-- tier bonus -->

		<passive_effect name="DamageModifier" operation="perc_add" value="-.8" tags="earth"/>
		<passive_effect name="DamageModifier" operation="perc_add" value="-.8" tags="stone"/>
		<passive_effect name="DamageModifier" operation="perc_add" value="-.8" tags="metal"/>
		<passive_effect name="HarvestCount" operation="base_set" value="1" tags="butcherHarvest"/>
		<!--<passive_effect name="BlockDamage" operation="perc_add" value="1.5" tags="blockButcher"/>-->
	</effect_group>
	<effect_group name="Power Attack">
		<passive_effect name="EntityDamage" operation="perc_add" value="1" tags="secondary"/>
		<passive_effect name="BlockDamage" operation="perc_add" value="1" tags="secondary"/>
		<passive_effect name="StaminaLoss" operation="base_set" value="32.7" tags="secondary"/>
	</effect_group>
	<effect_group name="sneak damage bonus">
		<requirement name="CVarCompare" cvar="_crouching" operation="Equals" value="1"/>
		<requirement name="CVarCompare" cvar="_notAlerted" operation="GT" value="0" target="other"/>
			<passive_effect name="DamageBonus" operation="base_add" value="4"/>
			<passive_effect name="EntityDamage" operation="perc_add" value="4" tags="perkDeepCuts"/>
			<display_value name="dEntityDamageSneak" value="4"/>
	</effect_group>
</item>

<item name="meleeWpnBladeYellowLightsaber">
	<property name="Tags" value="machete,melee,grunting,light,longShaft,perkFlurryOfBlows,weapon,meleeWeapon,attAgility,perkDeepCuts,perkTheHuntsman,canHaveCosmetic"/>
	<property name="DisplayType" value="meleeKnife"/>
	<property name="UnlockedBy" value="LightsaberSchematic"/>
	<property name="CustomIcon" value="saberyellow"/>
	<property name="HoldType" value="47"/>
	<property name="Meshfile" value="#@modfolder:Resources/Sabers.unity3d?YellowSaber.Prefab"/>
	<property name="Material" value="MmeleeWpnBladeParts"/> <property name="Weight" value="6"/>
	<property name="RepairTools" value="resourceRawDiamond"/>
	<property name="DegradationBreaksAfter" value="false"/>
	<property name="EconomicValue" value="700"/>
	<property name="SoundJammed" value="ItemNeedsRepair"/>
	<property name="SoundDestroy" value="wooddestroy1"/>
	<property name="SoundUnholster" value="Saber_Ignition"/>
	<property name="SoundHolster" value="Saber_Off"/>
	<property name="Group" value="Ammo/Weapons,Melee Weapons"/>
	<property name="RepairExpMultiplier" value="5.5"/>
	<property name="ShowQuality" value="true"/>

	<property class="Action0">
		<property name="Class" value="DynamicMelee"/>
		<property name="Damage_type" value="Slashing"/>
		<property name="Sphere" value=".15"/>   <!-- limit to 0.15, else the sphere cast can overlap the target already -->
		<property name="Sound_start" value="Saber_Swing"/>
		<property name="ToolCategory.Butcher" value="0" param1="4.7"/>
			<!-- This triggers the use of the special corpse harvesting animation if there is a matching harvest event.
			Also, param1  is the damage multiplier for corpse harvesting. -->
		<property name="UseGrazingHits" value="true"/>
		<property name="GrazeStart" value=".28"/>
		<property name="GrazeEnd" value=".4"/>
		<property name="SwingDegrees" value="80"/>
		<property name="SwingAngle" value="130"/>
		<property class="HitSounds">
			<property name="Override0" value="organic" param1="metalslashorganic"/>
		</property>
		<property class="GrazeSounds">
			<property name="Override0" value="organic" param1="metalgrazeorganic"/>
		</property>
	</property>
	<property class="Action1">
		<property name="Class" value="DynamicMelee"/>
		<property name="Damage_type" value="Slashing"/>
		<property name="Sphere" value=".15"/>   <!-- limit to 0.15, else the sphere cast can overlap the target already -->
		<property name="Sound_start" value="Saber_Swing"/>
		<property name="ToolCategory.Butcher" value="0" param1="4.7"/>
		<property name="UsePowerAttackAnimation" value="true"/>

		<property name="UseGrazingHits" value="true"/>
		<property name="IsHorizontalSwing" value="true"/>
		<property name="GrazeStart" value=".3"/>
		<property name="GrazeEnd" value=".4"/>
		<property name="SwingDegrees" value="-80"/>
		<property name="SwingAngle" value="-60"/>
		<property class="HitSounds">
			<property name="Override0" value="organic" param1="metalslashorganic"/>
		</property>
		<property class="GrazeSounds">
			<property name="Override0" value="organic" param1="metalgrazeorganic"/>
		</property>
	</property>
	<effect_group name="meleeWpnBladeYellowLightsaber">
		<passive_effect name="EntityDamage" operation="base_set" value="1000" tags="perkDeepCuts"/> <!-- meleeWpnBladeT3Machete -->
		<passive_effect name="BlockDamage" operation="base_set" value="600" tags="perkDeepCuts"/>
		<passive_effect name="AttacksPerMinute" operation="base_set" value="60" tags="perkDeepCuts,perkFlurryOfBlows"/>
		<passive_effect name="StaminaLoss" operation="base_set" value="10.0" tags="primary"/>
		<passive_effect name="DegradationMax" operation="base_set" value="288,10000" tier="1,6" tags="perkDeepCuts"/>
		<passive_effect name="DegradationPerUse" operation="base_set" value="1" tags="perkDeepCuts"/>
		<passive_effect name="MaxRange" operation="base_set" value="2.3" tags="perkDeepCuts"/>
		<passive_effect name="BlockRange" operation="base_set" value="3.5" tags="perkDeepCuts"/>

		<passive_effect name="ModSlots" operation="base_set" value="6,6,6,6,6,6" tier="1,2,3,4,5,6"/>
		<passive_effect name="ModPowerBonus" operation="perc_add" value=".10" tags="EntityDamage,BlockDamage"/>
		<passive_effect name="ModPowerBonus" operation="base_add" value="300" tags="EconomicValue"/>

		<passive_effect name="EntityDamage" operation="perc_add" value="-.15,.15" tags="perkDeepCuts"/> <!-- random EntityDmg -->
		<passive_effect name="EntityDamage" operation="perc_add" value=".1,.5" tier="2,6" tags="perkDeepCuts"/> <!-- tier bonus -->
		<passive_effect name="BlockDamage" operation="perc_add" value="-.15,.15" tags="perkDeepCuts"/> <!-- random BlockDmg -->
		<passive_effect name="BlockDamage" operation="perc_add" value=".1,.5" tier="2,6" tags="perkDeepCuts"/> <!-- tier bonus -->

		<passive_effect name="DamageModifier" operation="perc_add" value="-.8" tags="earth"/>
		<passive_effect name="DamageModifier" operation="perc_add" value="-.8" tags="stone"/>
		<passive_effect name="DamageModifier" operation="perc_add" value="-.8" tags="metal"/>
		<passive_effect name="HarvestCount" operation="base_set" value="1" tags="butcherHarvest"/>
		<!--<passive_effect name="BlockDamage" operation="perc_add" value="1.5" tags="blockButcher"/>-->
	</effect_group>
	<effect_group name="Power Attack">
		<passive_effect name="EntityDamage" operation="perc_add" value="1" tags="secondary"/>
		<passive_effect name="BlockDamage" operation="perc_add" value="1" tags="secondary"/>
		<passive_effect name="StaminaLoss" operation="base_set" value="32.7" tags="secondary"/>
	</effect_group>
	<effect_group name="sneak damage bonus">
		<requirement name="CVarCompare" cvar="_crouching" operation="Equals" value="1"/>
		<requirement name="CVarCompare" cvar="_notAlerted" operation="GT" value="0" target="other"/>
			<passive_effect name="DamageBonus" operation="base_add" value="4"/>
			<passive_effect name="EntityDamage" operation="perc_add" value="4" tags="perkDeepCuts"/>
			<display_value name="dEntityDamageSneak" value="4"/>
	</effect_group>
</item>

<item name="resourceYellowKyberCrystal">
	<property name="Meshfile" value="#@modfolder:Resources/KyberCrystalYellow.unity3d?kcrystalyellow.prefab"/>
	<property name="Extends" value="resourceSilverNugget"/>
	<property name="UnlockedBy" value="LightsaberPartSchematic"/>
	<property name="CustomIcon" value="krystalyellow"/>
	<property name="DisplayType" value="food"/>
	<property name="DropMeshfile" value="@:Other/Items/Misc/sack_droppedPrefab.prefab"/>
	<property name="Stacknumber" value="1"/>
	<property name="HoldType" value="21"/>
	<property name="Tags" value="gems"/>
	<property name="EconomicValue" value="15000"/>
	<property name="DescriptionKey" value="rareOresGroupDesc"/>
</item>

<item name="resourceBlueKyberCrystal">
	<property name="Meshfile" value="#@modfolder:Resources/KyberCrystalBlue.unity3d?kcrystalblue.prefab"/>
	<property name="Extends" value="resourceSilverNugget"/>
	<property name="UnlockedBy" value="LightsaberPartSchematic"/>
	<property name="CustomIcon" value="krystalblue"/>
	<property name="DisplayType" value="food"/>
	<property name="DropMeshfile" value="@:Other/Items/Misc/sack_droppedPrefab.prefab"/>
	<property name="Stacknumber" value="1"/>
	<property name="HoldType" value="21"/>
	<property name="Tags" value="gems"/>
	<property name="EconomicValue" value="15000"/>
	<property name="DescriptionKey" value="rareOresGroupDesc"/>
</item>

<item name="resourceCyanKyberCrystal">
	<property name="Meshfile" value="#@modfolder:Resources/KyberCrystalBlue.unity3d?kcrystalblue.prefab"/>
	<property name="Extends" value="resourceSilverNugget"/>
	<property name="UnlockedBy" value="LightsaberPartSchematic"/>
	<property name="CustomIcon" value="krystalcyan"/>
	<property name="DisplayType" value="food"/>
	<property name="DropMeshfile" value="@:Other/Items/Misc/sack_droppedPrefab.prefab"/>
	<property name="Stacknumber" value="1"/>
	<property name="HoldType" value="21"/>
	<property name="Tags" value="gems"/>
	<property name="EconomicValue" value="15000"/>
	<property name="DescriptionKey" value="rareOresGroupDesc"/>
</item>

<item name="resourceDarkKyberCrystal">
	<property name="Meshfile" value="#@modfolder:Resources/KyberCrystalBlack.unity3d?kcrystalblack.prefab"/>
	<property name="Extends" value="resourceSilverNugget"/>
	<property name="UnlockedBy" value="LightsaberPartSchematic"/>
	<property name="CustomIcon" value="krystaldark"/>
	<property name="DisplayType" value="food"/>
	<property name="DropMeshfile" value="@:Other/Items/Misc/sack_droppedPrefab.prefab"/>
	<property name="Stacknumber" value="1"/>
	<property name="HoldType" value="21"/>
	<property name="Tags" value="gems"/>
	<property name="EconomicValue" value="15000"/>
	<property name="DescriptionKey" value="rareOresGroupDesc"/>
</item>

<item name="resourceGreenKyberCrystal">
	<property name="Meshfile" value="#@modfolder:Resources/KyberCrystalGreen.unity3d?kcrystalgreen.prefab"/>
	<property name="Extends" value="resourceSilverNugget"/>
	<property name="UnlockedBy" value="LightsaberPartSchematic"/>
	<property name="CustomIcon" value="krystalgreen"/>
	<property name="DisplayType" value="food"/>
	<property name="DropMeshfile" value="@:Other/Items/Misc/sack_droppedPrefab.prefab"/>
	<property name="Stacknumber" value="1"/>
	<property name="HoldType" value="21"/>
	<property name="Tags" value="gems"/>
	<property name="EconomicValue" value="15000"/>
	<property name="DescriptionKey" value="rareOresGroupDesc"/>
</item>

<item name="resourceIndigoKyberCrystal">
	<property name="Meshfile" value="#@modfolder:Resources/KyberCrystalIndigo.unity3d?kcrystalindigo.prefab"/>
	<property name="Extends" value="resourceSilverNugget"/>
	<property name="UnlockedBy" value="LightsaberPartSchematic"/>
	<property name="CustomIcon" value="krystalindigo"/>
	<property name="DisplayType" value="food"/>
	<property name="DropMeshfile" value="@:Other/Items/Misc/sack_droppedPrefab.prefab"/>
	<property name="Stacknumber" value="1"/>
	<property name="HoldType" value="21"/>
	<property name="Tags" value="gems"/>
	<property name="EconomicValue" value="15000"/>
	<property name="DescriptionKey" value="rareOresGroupDesc"/>
</item>

<item name="resourceMagentaKyberCrystal">
	<property name="Meshfile" value="#@modfolder:Resources/KyberCrystalMagenta.unity3d?kcrystalmagenta.prefab"/>
	<property name="Extends" value="resourceSilverNugget"/>
	<property name="UnlockedBy" value="LightsaberPartSchematic"/>
	<property name="CustomIcon" value="krystalmagenta"/>
	<property name="DisplayType" value="food"/>
	<property name="DropMeshfile" value="@:Other/Items/Misc/sack_droppedPrefab.prefab"/>
	<property name="Stacknumber" value="1"/>
	<property name="HoldType" value="21"/>
	<property name="Tags" value="gems"/>
	<property name="EconomicValue" value="15000"/>
	<property name="DescriptionKey" value="rareOresGroupDesc"/>
</item>

<item name="resourceOrangeKyberCrystal">
	<property name="Meshfile" value="#@modfolder:Resources/KyberCrystalOrange.unity3d?kcrystalorange.prefab"/>
	<property name="Extends" value="resourceSilverNugget"/>
	<property name="UnlockedBy" value="LightsaberPartSchematic"/>
	<property name="CustomIcon" value="krystalorange"/>
	<property name="DisplayType" value="food"/>
	<property name="DropMeshfile" value="@:Other/Items/Misc/sack_droppedPrefab.prefab"/>
	<property name="Stacknumber" value="1"/>
	<property name="HoldType" value="21"/>
	<property name="Tags" value="gems"/>
	<property name="EconomicValue" value="15000"/>
	<property name="DescriptionKey" value="rareOresGroupDesc"/>
</item>

<item name="resourcePurpleKyberCrystal">
	<property name="Meshfile" value="#@modfolder:Resources/KyberCrystalPurple.unity3d?kcrystalpurple.prefab"/>
	<property name="Extends" value="resourceSilverNugget"/>
	<property name="UnlockedBy" value="LightsaberPartSchematic"/>
	<property name="CustomIcon" value="krystalpurple"/>
	<property name="DisplayType" value="food"/>
	<property name="DropMeshfile" value="@:Other/Items/Misc/sack_droppedPrefab.prefab"/>
	<property name="Stacknumber" value="1"/>
	<property name="HoldType" value="21"/>
	<property name="Tags" value="gems"/>
	<property name="EconomicValue" value="15000"/>
	<property name="DescriptionKey" value="rareOresGroupDesc"/>
</item>

<item name="resourceRedKyberCrystal">
	<property name="Meshfile" value="#@modfolder:Resources/KyberCrystalRed.unity3d?kcrystalred.prefab"/>
	<property name="Extends" value="resourceSilverNugget"/>
	<property name="UnlockedBy" value="LightsaberPartSchematic"/>
	<property name="CustomIcon" value="krystalred"/>
	<property name="DisplayType" value="food"/>
	<property name="DropMeshfile" value="@:Other/Items/Misc/sack_droppedPrefab.prefab"/>
	<property name="Stacknumber" value="1"/>
	<property name="HoldType" value="21"/>
	<property name="Tags" value="gems"/>
	<property name="EconomicValue" value="15000"/>
	<property name="DescriptionKey" value="rareOresGroupDesc"/>
</item>

<item name="resourceWhiteKyberCrystal">
	<property name="Meshfile" value="#@modfolder:Resources/KyberCrystalWhite.unity3d?kcrystalwhite.prefab"/>
	<property name="Extends" value="resourceSilverNugget"/>
	<property name="UnlockedBy" value="LightsaberPartSchematic"/>
	<property name="CustomIcon" value="krystalwhite"/>
	<property name="DisplayType" value="food"/>
	<property name="DropMeshfile" value="@:Other/Items/Misc/sack_droppedPrefab.prefab"/>
	<property name="Stacknumber" value="1"/>
	<property name="HoldType" value="21"/>
	<property name="Tags" value="gems"/>
	<property name="EconomicValue" value="15000"/>
	<property name="DescriptionKey" value="rareOresGroupDesc"/>
</item>

<item name="resourceLightsaberHilt">
	<property name="Extends" value="resourceSilverNugget"/>
	<property name="UnlockedBy" value="LightsaberPartSchematic"/>
	<property name="Tags" value="gems"/>
	<property name="EconomicValue" value="1500"/>
	<property name="CustomIcon" value=""/>
	<property name="DescriptionKey" value="rareOresGroupDesc"/>
</item>

<item name="LightsaberSchematic">
	<property name="Extends" value="schematicNoQualityMaster"/>
	<property name="CreativeMode" value="Player"/>
	<property name="CustomIcon" value=""/>
	<property name="Unlocks" value="meleeWpnBladeYellowLightsaber,meleeWpnBladeGreenLightsaber,meleeWpnBladeCyanLightsaber,meleeWpnBladeIndigoLightsaber,meleeWpnBladeOrangeLightsaber,meleeWpnBladeDarkLightsaber,meleeWpnBladePurpleLightsaber,meleeWpnBladeWhiteLightsaber,meleeWpnBladeMagentaLightsaber,meleeWpnBladeBlueLightsaber,meleeWpnBladeRedLightsaber"/>
	<effect_group tiered="false">
        <triggered_effect trigger="onSelfPrimaryActionEnd" action="ModifyCVar" cvar="Lightsaber" operation="set" value="1"/>
        <triggered_effect trigger="onSelfPrimaryActionEnd" action="GiveExp" exp="50"/>
    </effect_group>
	</item>
	
<item name="LightsaberPartsSchematic">
	<property name="Extends" value="schematicNoQualityMaster"/>
	<property name="CreativeMode" value="Player"/>
	<property name="CustomIcon" value=""/>
	<property name="Unlocks" value="resourceYellowKyberCrystal,resourceLightsaberHilt,resourceGreenKyberCrystal,resourceGreenKyberCrystal,resourceCyanKyberCrystal,resourceIndigoKyberCrystal,resourceOrangeKyberCrystal,resourceRedKyberCrystal,resourceBlueKyberCrystal,resourceMagentaKyberCrystal,resourceDarkKyberCrystal,resourcePurpleKyberCrystal,resourcePurpleKyberCrystal"/>
	</item>
	
	<item name="meleeWpnBladeHexLightsaber">
	<property name="Tags" value="machete,melee,grunting,light,longShaft,perkFlurryOfBlows,weapon,meleeWeapon,attAgility,perkDeepCuts,perkTheHuntsman,canHaveCosmetic"/>
	<property name="DisplayType" value="meleeKnife"/>
	<property name="CustomIcon" value="saberred"/>
	<property name="HoldType" value="47"/>
	<property name="Meshfile" value="#@modfolder:Resources/Sabers.unity3d?HexSaber.Prefab"/>
	<property name="Material" value="MmeleeWpnBladeParts"/> <property name="Weight" value="6"/>
	<property name="RepairTools" value="resourceRawDiamond"/>
	<property name="DegradationBreaksAfter" value="false"/>
	<property name="EconomicValue" value="700"/>
	<property name="SoundJammed" value="ItemNeedsRepair"/>
	<property name="SoundDestroy" value="wooddestroy1"/>
	<property name="SoundUnholster" value="Saber_Ignition"/>
	<property name="SoundHolster" value="Saber_Off"/>
	<property name="Group" value="Ammo/Weapons,Melee Weapons"/>
	<property name="RepairExpMultiplier" value="5.5"/>
	<property name="ShowQuality" value="true"/>

	<property class="Action0">
		<property name="Class" value="DynamicMelee"/>
		<property name="Damage_type" value="Slashing"/>
		<property name="Sphere" value=".15"/>   <!-- limit to 0.15, else the sphere cast can overlap the target already -->
		<property name="Sound_start" value="Saber_Swing"/>
		<property name="ToolCategory.Butcher" value="0" param1="4.7"/>
			<!-- This triggers the use of the special corpse harvesting animation if there is a matching harvest event.
			Also, param1  is the damage multiplier for corpse harvesting. -->
		<property name="UseGrazingHits" value="true"/>
		<property name="GrazeStart" value=".28"/>
		<property name="GrazeEnd" value=".4"/>
		<property name="SwingDegrees" value="80"/>
		<property name="SwingAngle" value="130"/>
		<property class="HitSounds">
			<property name="Override0" value="organic" param1="metalslashorganic"/>
		</property>
		<property class="GrazeSounds">
			<property name="Override0" value="organic" param1="metalgrazeorganic"/>
		</property>
	</property>
	<property class="Action1">
		<property name="Class" value="DynamicMelee"/>
		<property name="Damage_type" value="Slashing"/>
		<property name="Sphere" value=".15"/>   <!-- limit to 0.15, else the sphere cast can overlap the target already -->
		<property name="Sound_start" value="Saber_Swing"/>
		<property name="ToolCategory.Butcher" value="0" param1="4.7"/>
		<property name="UsePowerAttackAnimation" value="true"/>

		<property name="UseGrazingHits" value="true"/>
		<property name="IsHorizontalSwing" value="true"/>
		<property name="GrazeStart" value=".3"/>
		<property name="GrazeEnd" value=".4"/>
		<property name="SwingDegrees" value="-80"/>
		<property name="SwingAngle" value="-60"/>
		<property class="HitSounds">
			<property name="Override0" value="organic" param1="metalslashorganic"/>
		</property>
		<property class="GrazeSounds">
			<property name="Override0" value="organic" param1="metalgrazeorganic"/>
		</property>
	</property>
	<effect_group name="meleeWpnBladeHexLightsaber">
		<passive_effect name="EntityDamage" operation="base_set" value="1200" tags="perkDeepCuts"/> <!-- meleeWpnBladeT3Machete -->
		<passive_effect name="BlockDamage" operation="base_set" value="800" tags="perkDeepCuts"/>
		<passive_effect name="AttacksPerMinute" operation="base_set" value="60" tags="perkDeepCuts,perkFlurryOfBlows"/>
		<passive_effect name="StaminaLoss" operation="base_set" value="10.0" tags="primary"/>
		<passive_effect name="DegradationMax" operation="base_set" value="288,10000" tier="1,6" tags="perkDeepCuts"/>
		<passive_effect name="DegradationPerUse" operation="base_set" value="1" tags="perkDeepCuts"/>
		<passive_effect name="MaxRange" operation="base_set" value="2.3" tags="perkDeepCuts"/>
		<passive_effect name="BlockRange" operation="base_set" value="3.5" tags="perkDeepCuts"/>

		<passive_effect name="ModSlots" operation="base_set" value="6,6,6,6,6,6" tier="1,2,3,4,5,6"/>
		<passive_effect name="ModPowerBonus" operation="perc_add" value=".10" tags="EntityDamage,BlockDamage"/>
		<passive_effect name="ModPowerBonus" operation="base_add" value="300" tags="EconomicValue"/>

		<passive_effect name="EntityDamage" operation="perc_add" value="-.15,.15" tags="perkDeepCuts"/> <!-- random EntityDmg -->
		<passive_effect name="EntityDamage" operation="perc_add" value=".1,.5" tier="2,6" tags="perkDeepCuts"/> <!-- tier bonus -->
		<passive_effect name="BlockDamage" operation="perc_add" value="-.15,.15" tags="perkDeepCuts"/> <!-- random BlockDmg -->
		<passive_effect name="BlockDamage" operation="perc_add" value=".1,.5" tier="2,6" tags="perkDeepCuts"/> <!-- tier bonus -->

		<passive_effect name="DamageModifier" operation="perc_add" value="-.8" tags="earth"/>
		<passive_effect name="DamageModifier" operation="perc_add" value="-.8" tags="stone"/>
		<passive_effect name="DamageModifier" operation="perc_add" value="-.8" tags="metal"/>
		<passive_effect name="HarvestCount" operation="base_set" value="1" tags="butcherHarvest"/>
		<!--<passive_effect name="BlockDamage" operation="perc_add" value="1.5" tags="blockButcher"/>-->
	</effect_group>
	<effect_group name="Power Attack">
		<passive_effect name="EntityDamage" operation="perc_add" value="1" tags="secondary"/>
		<passive_effect name="BlockDamage" operation="perc_add" value="1" tags="secondary"/>
		<passive_effect name="StaminaLoss" operation="base_set" value="32.7" tags="secondary"/>
	</effect_group>
	<effect_group name="sneak damage bonus">
		<requirement name="CVarCompare" cvar="_crouching" operation="Equals" value="1"/>
		<requirement name="CVarCompare" cvar="_notAlerted" operation="GT" value="0" target="other"/>
			<passive_effect name="DamageBonus" operation="base_add" value="4"/>
			<passive_effect name="EntityDamage" operation="perc_add" value="4" tags="perkDeepCuts"/>
			<display_value name="dEntityDamageSneak" value="4"/>
	</effect_group>
</item>
	
	<item name="meleeWpnBladeNugsLightsaber">
	<property name="Tags" value="machete,melee,grunting,light,longShaft,perkFlurryOfBlows,weapon,meleeWeapon,attAgility,perkDeepCuts,perkTheHuntsman,canHaveCosmetic"/>
	<property name="DisplayType" value="meleeKnife"/>
	<property name="CustomIcon" value="saberblue"/>
	<property name="HoldType" value="47"/>
	<property name="Meshfile" value="#@modfolder:Resources/SaberOfNugs.unity3d?lightsaber.Prefab"/>
	<property name="Material" value="MmeleeWpnBladeParts"/> <property name="Weight" value="6"/>
	<property name="RepairTools" value="resourceRawDiamond"/>
	<property name="DegradationBreaksAfter" value="false"/>
	<property name="EconomicValue" value="700"/>
	<property name="SoundJammed" value="ItemNeedsRepair"/>
	<property name="SoundDestroy" value="wooddestroy1"/>
	<property name="SoundUnholster" value="Saber_Ignition"/>
	<property name="SoundHolster" value="Saber_Off"/>
	<property name="Group" value="Ammo/Weapons,Melee Weapons"/>
	<property name="RepairExpMultiplier" value="5.5"/>
	<property name="ShowQuality" value="true"/>

	<property class="Action0">
		<property name="Class" value="DynamicMelee"/>
		<property name="Damage_type" value="Slashing"/>
		<property name="Sphere" value=".15"/>   <!-- limit to 0.15, else the sphere cast can overlap the target already -->
		<property name="Sound_start" value="Saber_Swing"/>
		<property name="ToolCategory.Butcher" value="0" param1="4.7"/>
			<!-- This triggers the use of the special corpse harvesting animation if there is a matching harvest event.
			Also, param1  is the damage multiplier for corpse harvesting. -->
		<property name="UseGrazingHits" value="true"/>
		<property name="GrazeStart" value=".28"/>
		<property name="GrazeEnd" value=".4"/>
		<property name="SwingDegrees" value="80"/>
		<property name="SwingAngle" value="130"/>
		<property class="HitSounds">
			<property name="Override0" value="organic" param1="metalslashorganic"/>
		</property>
		<property class="GrazeSounds">
			<property name="Override0" value="organic" param1="metalgrazeorganic"/>
		</property>
	</property>
	<property class="Action1">
		<property name="Class" value="DynamicMelee"/>
		<property name="Damage_type" value="Slashing"/>
		<property name="Sphere" value=".15"/>   <!-- limit to 0.15, else the sphere cast can overlap the target already -->
		<property name="Sound_start" value="Saber_Swing"/>
		<property name="ToolCategory.Butcher" value="0" param1="4.7"/>
		<property name="UsePowerAttackAnimation" value="true"/>

		<property name="UseGrazingHits" value="true"/>
		<property name="IsHorizontalSwing" value="true"/>
		<property name="GrazeStart" value=".3"/>
		<property name="GrazeEnd" value=".4"/>
		<property name="SwingDegrees" value="-80"/>
		<property name="SwingAngle" value="-60"/>
		<property class="HitSounds">
			<property name="Override0" value="organic" param1="metalslashorganic"/>
		</property>
		<property class="GrazeSounds">
			<property name="Override0" value="organic" param1="metalgrazeorganic"/>
		</property>
	</property>
	<effect_group name="meleeWpnBladeNugsLightsaber">
		<passive_effect name="EntityDamage" operation="base_set" value="1200" tags="perkDeepCuts"/> <!-- meleeWpnBladeT3Machete -->
		<passive_effect name="BlockDamage" operation="base_set" value="800" tags="perkDeepCuts"/>
		<passive_effect name="AttacksPerMinute" operation="base_set" value="60" tags="perkDeepCuts,perkFlurryOfBlows"/>
		<passive_effect name="StaminaLoss" operation="base_set" value="10.0" tags="primary"/>
		<passive_effect name="DegradationMax" operation="base_set" value="288,10000" tier="1,6" tags="perkDeepCuts"/>
		<passive_effect name="DegradationPerUse" operation="base_set" value="1" tags="perkDeepCuts"/>
		<passive_effect name="MaxRange" operation="base_set" value="2.3" tags="perkDeepCuts"/>
		<passive_effect name="BlockRange" operation="base_set" value="3.5" tags="perkDeepCuts"/>

		<passive_effect name="ModSlots" operation="base_set" value="6,6,6,6,6,6" tier="1,2,3,4,5,6"/>
		<passive_effect name="ModPowerBonus" operation="perc_add" value=".10" tags="EntityDamage,BlockDamage"/>
		<passive_effect name="ModPowerBonus" operation="base_add" value="300" tags="EconomicValue"/>

		<passive_effect name="EntityDamage" operation="perc_add" value="-.15,.15" tags="perkDeepCuts"/> <!-- random EntityDmg -->
		<passive_effect name="EntityDamage" operation="perc_add" value=".1,.5" tier="2,6" tags="perkDeepCuts"/> <!-- tier bonus -->
		<passive_effect name="BlockDamage" operation="perc_add" value="-.15,.15" tags="perkDeepCuts"/> <!-- random BlockDmg -->
		<passive_effect name="BlockDamage" operation="perc_add" value=".1,.5" tier="2,6" tags="perkDeepCuts"/> <!-- tier bonus -->

		<passive_effect name="DamageModifier" operation="perc_add" value="-.8" tags="earth"/>
		<passive_effect name="DamageModifier" operation="perc_add" value="-.8" tags="stone"/>
		<passive_effect name="DamageModifier" operation="perc_add" value="-.8" tags="metal"/>
		<passive_effect name="HarvestCount" operation="base_set" value="1" tags="butcherHarvest"/>
		<!--<passive_effect name="BlockDamage" operation="perc_add" value="1.5" tags="blockButcher"/>-->
	</effect_group>
	<effect_group name="Power Attack">
		<passive_effect name="EntityDamage" operation="perc_add" value="1" tags="secondary"/>
		<passive_effect name="BlockDamage" operation="perc_add" value="1" tags="secondary"/>
		<passive_effect name="StaminaLoss" operation="base_set" value="32.7" tags="secondary"/>
	</effect_group>
	<effect_group name="sneak damage bonus">
		<requirement name="CVarCompare" cvar="_crouching" operation="Equals" value="1"/>
		<requirement name="CVarCompare" cvar="_notAlerted" operation="GT" value="0" target="other"/>
			<passive_effect name="DamageBonus" operation="base_add" value="4"/>
			<passive_effect name="EntityDamage" operation="perc_add" value="4" tags="perkDeepCuts"/>
			<display_value name="dEntityDamageSneak" value="4"/>
	</effect_group>
</item>
	
	</append>
</Lightsabers>