<Lightsabers>
<append xpath="/recipes">

<recipe name="resourceWhiteKyberCrystal" count="1" material_based="true" use_ingredient_modifier="false" is_trackable="true" craft_time="240" craft_area="workbench" tags="learnable,workbenchCrafting">
	<ingredient name="resourceRawDiamond" count="2"/>
	<ingredient name="resourceSilverNugget" count="5"/>
	<ingredient name="modDyeWhite" count="1"/>
</recipe>

<recipe name="resourceRedKyberCrystal" count="1" material_based="true" use_ingredient_modifier="false" is_trackable="true" craft_time="240" craft_area="workbench" tags="learnable,workbenchCrafting">
	<ingredient name="resourceRawDiamond" count="2"/>
	<ingredient name="resourceSilverNugget" count="5"/>
	<ingredient name="modDyeRed" count="1"/>
</recipe>

<recipe name="resourceGreenKyberCrystal" count="1" material_based="true" use_ingredient_modifier="false" is_trackable="true" craft_time="240" craft_area="workbench" tags="learnable,workbenchCrafting">
	<ingredient name="resourceRawDiamond" count="2"/>
	<ingredient name="resourceSilverNugget" count="5"/>
	<ingredient name="modDyeGreen" count="1"/>
</recipe>

<recipe name="resourceDarkKyberCrystal" count="1" material_based="true" use_ingredient_modifier="false" is_trackable="true" craft_time="240" craft_area="workbench" tags="learnable,workbenchCrafting">
	<ingredient name="resourceRawDiamond" count="2"/>
	<ingredient name="resourceSilverNugget" count="5"/>
	<ingredient name="modDyeBlack" count="1"/>
</recipe>

<recipe name="resourceBlueKyberCrystal" count="1" material_based="true" use_ingredient_modifier="false" is_trackable="true" craft_time="240" craft_area="workbench" tags="learnable,workbenchCrafting">
	<ingredient name="resourceRawDiamond" count="2"/>
	<ingredient name="resourceSilverNugget" count="5"/>
	<ingredient name="modDyeBlue" count="1"/>
</recipe>

<recipe name="resourceMagentaKyberCrystal" count="1" material_based="true" use_ingredient_modifier="false" is_trackable="true" craft_time="240" craft_area="workbench" tags="learnable,workbenchCrafting">
	<ingredient name="resourceRawDiamond" count="2"/>
	<ingredient name="resourceSilverNugget" count="5"/>
	<ingredient name="modDyePink" count="1"/>
</recipe>

<recipe name="resourceOrangeKyberCrystal" count="1" material_based="true" use_ingredient_modifier="false" is_trackable="true" craft_time="240" craft_area="workbench" tags="learnable,workbenchCrafting">
	<ingredient name="resourceRawDiamond" count="2"/>
	<ingredient name="resourceSilverNugget" count="5"/>
	<ingredient name="modDyeBrown" count="1"/>
</recipe>

<recipe name="resourcePurpleKyberCrystal" count="1" material_based="true" use_ingredient_modifier="false" is_trackable="true" craft_time="240" craft_area="workbench" tags="learnable,workbenchCrafting">
	<ingredient name="resourceRawDiamond" count="2"/>
	<ingredient name="resourceSilverNugget" count="5"/>
	<ingredient name="modDyePurple" count="1"/>
</recipe>

<recipe name="resourceYellowKyberCrystal" count="1" material_based="true" use_ingredient_modifier="false" is_trackable="true" craft_time="240" craft_area="workbench" tags="learnable,workbenchCrafting">
	<ingredient name="resourceRawDiamond" count="2"/>
	<ingredient name="resourceSilverNugget" count="5"/>
	<ingredient name="modDyeYellow" count="1"/>
</recipe>

<recipe name="resourceIndigoKyberCrystal" count="1" material_based="true" use_ingredient_modifier="false" is_trackable="true" craft_time="240" craft_area="workbench" tags="learnable,workbenchCrafting">
	<ingredient name="resourceRawDiamond" count="2"/>
	<ingredient name="resourceGoldNugget" count="3"/>
	<ingredient name="modDyeBlue" count="1"/>
</recipe>

<recipe name="resourceCyanKyberCrystal" count="1" material_based="true" use_ingredient_modifier="false" is_trackable="true" craft_time="240" craft_area="workbench" tags="learnable,workbenchCrafting">
	<ingredient name="resourceRawDiamond" count="2"/>
	<ingredient name="resourceGoldNugget" count="3"/>
	<ingredient name="modDyeGreen" count="1"/>
</recipe>

<recipe name="meleeWpnBladeYellowLightsaber" count="1" craft_time="240" craft_area="workbench" tags="learnable,workbenchCrafting">
	<ingredient name="resourceYellowKyberCrystal" count="1"/>
	<ingredient name="resourceLightsaberHilt" count="1"/>
</recipe>

<recipe name="meleeWpnBladeWhiteLightsaber" count="1" craft_time="240" craft_area="workbench" tags="learnable,workbenchCrafting">
	<ingredient name="resourceWhiteKyberCrystal" count="1"/>
	<ingredient name="resourceLightsaberHilt" count="1"/>
</recipe>

<recipe name="meleeWpnBladePurpleLightsaber" count="1" craft_time="240" craft_area="workbench" tags="learnable,workbenchCrafting">
	<ingredient name="resourcePurpleKyberCrystal" count="1"/>
	<ingredient name="resourceLightsaberHilt" count="1"/>
</recipe>

<recipe name="meleeWpnBladeOrangeLightsaber" count="1" craft_time="240" craft_area="workbench" tags="learnable,workbenchCrafting">
	<ingredient name="resourceOrangeKyberCrystal" count="1"/>
	<ingredient name="resourceLightsaberHilt" count="1"/>
</recipe>

<recipe name="meleeWpnBladeMagentaLightsaber" count="1" craft_time="240" craft_area="workbench" tags="learnable,workbenchCrafting">
	<ingredient name="resourceMagentaKyberCrystal" count="1"/>
	<ingredient name="resourceLightsaberHilt" count="1"/>
</recipe>

<recipe name="meleeWpnBladeIndigoLightsaber" count="1" craft_time="240" craft_area="workbench" tags="learnable,workbenchCrafting">
	<ingredient name="resourceIndigoKyberCrystal" count="1"/>
	<ingredient name="resourceLightsaberHilt" count="1"/>
</recipe>

<recipe name="meleeWpnBladeGreenLightsaber" count="1" craft_time="240" craft_area="workbench" tags="learnable,workbenchCrafting">
	<ingredient name="resourceGreenKyberCrystal" count="1"/>
	<ingredient name="resourceLightsaberHilt" count="1"/>
</recipe>

<recipe name="meleeWpnBladeDarkLightsaber" count="1" craft_time="240" craft_area="workbench" tags="learnable,workbenchCrafting">
	<ingredient name="resourceDarkKyberCrystal" count="1"/>
	<ingredient name="resourceLightsaberHilt" count="1"/>
</recipe>

<recipe name="meleeWpnBladeCyanLightsaber" count="1" craft_time="240" craft_area="workbench" tags="learnable,workbenchCrafting">
	<ingredient name="resourceCyanKyberCrystal" count="1"/>
	<ingredient name="resourceLightsaberHilt" count="1"/>
</recipe>

<recipe name="meleeWpnBladeBlueLightsaber" count="1" craft_time="240" craft_area="workbench" tags="learnable,workbenchCrafting">
	<ingredient name="resourceBlueKyberCrystal" count="1"/>
	<ingredient name="resourceLightsaberHilt" count="1"/>
</recipe>

<recipe name="meleeWpnBladeRedLightsaber" count="1" craft_time="240" craft_area="workbench" tags="learnable,workbenchCrafting">
	<ingredient name="resourceRedKyberCrystal" count="1"/>
	<ingredient name="resourceLightsaberHilt" count="1"/>
</recipe>

<recipe name="resourceLightsaberHilt" count="1" material_based="true" use_ingredient_modifier="false" is_trackable="true" craft_time="240" craft_area="workbench" tags="learnable,workbenchCrafting">
	<ingredient name="resourceDuctTape" count="5"/>
	<ingredient name="resourceScrapPolymers" count="6"/>
	<ingredient name="resourceForgedSteel" count="2"/>
</recipe>

</append>
</Lightsabers>