<Lightsabers>
	<append xpath="/Sounds">
	
  <SoundDataNode name="Saber_Swing"> <AudioSource name="Sounds/AudioSource_Melee"/> <NetworkAudioSource name="Sounds/AudioSource_Melee"/>
	<AudioClip ClipName="#@modfolder:Resources/SaberSwing.unity3d?SaberSwipe"/>
	<LocalCrouchVolumeScale value="0.25"/> <CrouchNoiseScale value="0.05"/> <NoiseScale value=".1"/> <MaxVoices value="3"/> <MaxRepeatRate value="0.01"/> </SoundDataNode>
		
	<SoundDataNode name="Saber_Ignition"> <AudioSource name="Sounds/AudioSource_Melee"/> <NetworkAudioSource name="Sounds/AudioSource_Melee"/>
	<AudioClip ClipName="#@modfolder:Resources/SaberIgnition.unity3d?SaberUp"/>
	<LocalCrouchVolumeScale value="0.25"/> <CrouchNoiseScale value="0.05"/> <NoiseScale value=".1"/> <MaxVoices value="3"/> <MaxRepeatRate value="0.01"/> </SoundDataNode>
	
	<SoundDataNode name="Saber_Off"> <AudioSource name="Sounds/AudioSource_Melee"/> <NetworkAudioSource name="Sounds/AudioSource_Melee"/>
	<AudioClip ClipName="#@modfolder:Resources/SaberTurnOff.unity3d?SaberDown"/>
	<LocalCrouchVolumeScale value="0.25"/> <CrouchNoiseScale value="0.05"/> <NoiseScale value=".1"/> <MaxVoices value="3"/> <MaxRepeatRate value="0.01"/> </SoundDataNode>
	
	<SoundDataNode name="Gonk"> <AudioSource name="Sounds/AudioSource_Interact"/>
	<AudioClip ClipName="#@modfolder:Resources/GonkSound.unity3d?Gonk"/>
	<LocalCrouchVolumeScale value="0.25"/> <CrouchNoiseScale value="0.05"/> <NoiseScale value=".1"/> <MaxVoices value="3"/> <MaxRepeatRate value="0.01"/> </SoundDataNode>
		
	</append>
</Lightsabers>