<M41A>
	<append xpath="/items">	
	<item name="gunM41A">
	<property name="Tags" value="weapon,ranged,holdBreathAiming,gun,barrelAttachments,sideAttachments,magazine,drumMagazine,bottomAttachments,attFortitude,perkMachineGunner,perkBookAutoWeapons,attachmentsIncluded,canHaveCosmetic,machinegunSkill"/>
	<property name="DisplayType" value="rangedGun"/>
	<property name="HoldType" value="60"/>
	<property name="Meshfile" value="#@modfolder:Resources/M41ARifle.unity3d?M41AAliengun.Prefab"/>
	<property name="Material" value="MMachineGunParts"/>
	<property name="TintColor" value="71, 84, 59"/>
	<property name="Weight" value="1"/>
	<property name="CrosshairOnAim" value="true"/> <!-- aimTest -->
	<property name="CrosshairUpAfterShot" value="true"/> <!-- aimTest -->
	<property name="RepairTools" value="resourceRepairKit"/>
	<property name="DegradationBreaksAfter" value="false"/>
	<property name="SoundJammed" value="weapon_jam"/>
	<property name="Sound_Sight_In" value="rifle_sight_in"/>
	<property name="Sound_Sight_Out" value="rifle_sight_out"/>
	<property name="RepairExpMultiplier" value="10.8"/>
	<property name="EconomicValue" value="30000"/>
	<property name="ShowQuality" value="true"/>
	<property name="Group" value="Ammo/Weapons,Ranged Weapons"/>
	<property name="SoundUnholster" value="weapon_unholster"/>
	<property name="SoundHolster" value="weapon_holster"/>

	<property class="Action0">
		<property name="Class" value="Ranged"/>
		<property name="Delay" value=".150"/> <!-- obsolete if rounds per minute exists -->
		<property name="Magazine_items" value="ammo762mmBulletBall,ammo762mmBulletHP,ammo762mmBulletAP"/>
		<property name="Sound_start" value="M41AShooting"/>
		<property name="Sound_loop" value="M41ALooped"/>
		<property name="Sound_empty" value="dryfire"/>
		<property name="Sound_reload" value="m60_reload"/>
		<property name="AutoReload" value="false"/>
		<property name="Particles_muzzle_fire" value="gunfire_m60"/>
		<property name="Particles_muzzle_smoke" value="gunfire_smoke"/>
		<property name="Particles_muzzle_fire_fpv" value="gunfire_m60_fpv"/>
		<property name="Particles_muzzle_smoke_fpv" value="gunfire_smoke_fpv"/>
		<requirement name="CVarCompare" cvar="_underwater" operation="LT" value=".98"/>
                <property name="triggerEffectTriggerPullDualsense" value="RifleTrigger"/>
                <property name="triggerEffectTriggerPullXbox" value="PistolTrigger"/>
                <property name="triggerEffectTriggerShootDualsense" value="MGShoot"/>
                <property name="triggerEffectTriggerShootXbox" value="PistolShoot"/>
	</property>
	<property class="Action1">
		<property name="Class" value="Zoom"/>
		<property name="Zoom_max_out" value="55"/>
		<property name="Zoom_max_in" value="55"/>
		<property name="ScopeCameraOffset" value="-.00062,-.1,.055"/>
                <property name="zoomTriggerEffectTriggerPullDualsense" value="RifleZoom"/>
                <property name="zoomTriggerEffectTriggerPullXbox" value="PistolZoom"/>
	</property>
	<effect_group name="gunM41A">
		<passive_effect name="MaxRange" operation="base_set" value="100" tags="perkMachineGunner"/>
		<passive_effect name="DamageFalloffRange" operation="base_set" value="50" tags="perkMachineGunner"/>
		<passive_effect name="DamageFalloffRange" operation="perc_add" value="-.2,.2" tags="perkMachineGunner"/> <!-- random effective rng -->
		<passive_effect name="BlockDamage" operation="base_add" value="-2" tags="perkMachineGunner"/> <!-- damage offset -->
		<passive_effect name="EntityDamage" operation="base_add" value="50" tags="perkMachineGunner"/> <!-- damage offset -->
		<passive_effect name="EntityDamage" operation="perc_add" value="-.02,.02" tags="perkMachineGunner"/> <!-- random EntityDmg -->
		<passive_effect name="EntityDamage" operation="perc_add" value=".05,.25" tier="2,6" tags="perkMachineGunner"/> <!-- tier bonus -->
		<passive_effect name="BlockDamage" operation="perc_add" value="-.08,.08" tags="perkMachineGunner"/> <!-- random BlockDmg -->
		<passive_effect name="BlockDamage" operation="perc_add" value=".15,.75" tier="2,6" tags="perkMachineGunner"/> <!-- tier bonus -->
		<passive_effect name="DegradationMax" operation="perc_add" value="-.2,.2" tags="perkMachineGunner"/> <!-- random DegMax -->
		<!-- <passive_effect name="RoundsPerMinute" operation="perc_add" value="-.05,.05" tags="perkMachineGunner"/> --> <!-- random APM -->
		<!-- <passive_effect name="MagazineSize" operation="perc_add" value="-.122,.122"/> --> <!-- random MagazineSize -->
		<passive_effect name="WeaponHandling" operation="perc_add" value="-.08,.08" tags="perkMachineGunner"/> <!-- random WeaponHandling -->
		<passive_effect name="RoundsPerMinute" operation="base_set" value="440" tags="perkMachineGunner"/>
		<passive_effect name="BurstRoundCount" operation="base_set" value="1000" tags="perkMachineGunner"/>
		<passive_effect name="MagazineSize" operation="base_set" value="99" tags="perkMachineGunner"/>
		<passive_effect name="ReloadSpeedMultiplier" operation="base_set" value="2" tags="perkMachineGunner"/>

		<passive_effect name="SpreadDegreesVertical" operation="base_set" value="2.8" tags="perkMachineGunner"/>
		<passive_effect name="SpreadDegreesHorizontal" operation="base_set" value="2.8" tags="perkMachineGunner"/>
		<passive_effect name="SpreadMultiplierAiming" operation="base_set" value=".33" tags="perkMachineGunner"/>
		<passive_effect name="SpreadMultiplierCrouching" operation="base_set" value=".8" tags="perkMachineGunner"/>
		<passive_effect name="SpreadMultiplierWalking" operation="base_set" value="1.5" tags="perkMachineGunner"/>
		<passive_effect name="SpreadMultiplierRunning" operation="base_set" value="2.2" tags="perkMachineGunner"/>

		<passive_effect name="KickDegreesVerticalMin" operation="base_set" value="-.4" tags="perkMachineGunner"/>
		<passive_effect name="KickDegreesVerticalMax" operation="base_set" value="1.1" tags="perkMachineGunner"/>
		<passive_effect name="KickDegreesHorizontalMin" operation="base_set" value="-1" tags="perkMachineGunner"/>
		<passive_effect name="KickDegreesHorizontalMax" operation="base_set" value="1" tags="perkMachineGunner"/>

		<passive_effect name="IncrementalSpreadMultiplier" operation="base_set" value="1.5" tags="perkMachineGunner"/>
		<passive_effect name="WeaponHandling" operation="base_set" value=".83" tags="perkMachineGunner"/> <!-- M60 -->

		<passive_effect name="DegradationMax" operation="base_set" value="300,650" tier="1,6" tags="perkMachineGunner,perkBookAutoWeapons"/>
		<passive_effect name="DegradationPerUse" operation="base_set" value="1" tags="perkMachineGunner,perkBookAutoWeapons"/>

		<passive_effect name="ModSlots" operation="base_set" value="6,6,6,6,6,6" tier="1,2,3,4,5,6"/>
		<passive_effect name="ModPowerBonus" operation="perc_add" value=".10" tags="EntityDamage,BlockDamage"/>
		<passive_effect name="ModPowerBonus" operation="base_add" value="300" tags="EconomicValue"/>
	</effect_group>
</item>
	</append>
</M41A>