<?xml version="1.0" encoding="utf-8"?>
<M41A>
		<append xpath="/Sounds">
<SoundDataNode name="M41AShooting"> <AudioSource name="Sounds/AudioSource_WeaponFire"/> <NetworkAudioSource name="Sounds/AudioSource_WeaponFire_Network"/>
	<AudioClip ClipName="#@modfolder:Resources/M41AShot.unity3d?SoundShot"/>
	<LocalCrouchVolumeScale value="1"/> <CrouchNoiseScale value="1"/> <NoiseScale value="1"/> <MaxVoices value="10"/> <MaxRepeatRate value="0.001"/> </SoundDataNode>
	
	<SoundDataNode name="M41ALooped"> <AudioSource name="Sounds/AudioSource_WeaponFire"/> <NetworkAudioSource name="Sounds/AudioSource_WeaponFire_Network"/>
	<AudioClip ClipName="#@modfolder:Resources/M41ALoop.unity3d?SoundLoop"/>
	<LocalCrouchVolumeScale value="1"/> <CrouchNoiseScale value="1"/> <NoiseScale value="1"/> <MaxVoices value="10"/> <MaxRepeatRate value="0.001"/> </SoundDataNode>
	</append>
</M41A>