<OctoHelm>
	<append xpath="/items">
		<item name="SmittyArmorMaster1">
			<property name="CreativeMode" value="None" />
			<property name="DisplayType" value="armorHeavy" />
			<property name="Material" value="MarmorSteelSet" />
			<property name="Weight" value="4" />
			<property name="RepairTools" value="resourceRepairKit" />
			<property name="DegradationBreaksAfter" value="false" />
			<property name="HoldType" value="45" />
			<property name="Meshfile" value="#Other/Items?Misc/sackPrefab.prefab" />
			<property name="DropMeshfile" value="#Other/Items?Misc/sack_droppedPrefab.prefab" />
			<property name="DescriptionKey" value="SmittyArmorDesc" />
			<property name="Group" value="Clothing" />
			<property name="RepairExpMultiplier" value="10.8" />
			<property name="EconomicValue" value="1000" />
			<property name="ShowQuality" value="true" />
		</item>
		<item name="SmittyArmorHelmet_Base1">
			<property name="CreativeMode" value="None" />
			<property name="Extends" value="SmittyArmorMaster1" />
			<property name="Tags" value="head,armor,armorHead,heavyArmor,canHaveCosmetic" />
			<property name="EquipSlot" value="Head" />
			<property class="UMA">
				<property name="Mesh" value="" />
				<property name="Overlay0" value="" />
				<property name="Layer" value="middle" />
				<property name="UISlot" value="Headgear" />
				<property name="Mask1" value="Head" param1="inner" />
				<property name="Mask3" value="Face" param1="inner" />
				<property name="Mask4" value="Face" param1="middle" />
				<property name="Mask5" value="Face" param1="outer" />
				<property name="Mask7" value="Eyes" param1="inner" />
				<property name="Mask8" value="Eyes" param1="middle" />
				<property name="Mask9" value="Eyes" param1="outer" />
				<property name="UMA.ShowAltHair" value="true" />
			</property>
		</item>
		<item name="OctoHelm">
			<property name="CustomIcon" value="Helmet002" />
			<property name="Extends" value="SmittyArmorHelmet_Base1" />
			<effect_group>
				<passive_effect name="ModSlots" operation="base_set" value="1,1,2,2,4,4" tier="1,2,3,4,5,6" />
				<passive_effect name="ModPowerBonus" operation="base_add" value="50" tags="EconomicValue" />
				<passive_effect name="PhysicalDamageResist" operation="base_add" value="12" />
				<passive_effect name="PhysicalDamageResist" operation="base_add" value="1,11" tier="1,6" />
				<passive_effect name="ElementalDamageResist" operation="base_add" value="5,10" tags="heat,electrical" />
				<passive_effect name="ElementalDamageResist" operation="base_add" value="0,13" tier="1,6" />
				<passive_effect name="HypothermalResist" operation="base_add" value="4" />
				<passive_effect name="HyperthermalResist" operation="base_add" value="4" />
				<passive_effect name="BuffResistance" operation="base_add" value=".1" tags="buffFatiguedTrigger,buffArmSprainedCHTrigger,buffLegSprainedCHTrigger,buffInjuryBleedingTwo,buffInjuryBleedingBarbedWire,buffLaceration,buffInfectionCatch,buffInjuryStunned01CHTrigger" />
				<passive_effect name="DegradationMax" operation="base_set" value="500,750" tier="1,6" />
				<passive_effect name="DegradationPerUse" operation="base_set" value="2" tags="heavyArmorDeg" />
				<passive_effect name="Mobility" operation="perc_add" value="-0.08,0.0" tier="1,6" />
				<passive_effect name="StaminaChangeOT" operation="perc_add" value=".0" tags="walking" />
				<passive_effect name="StaminaChangeOT" operation="perc_add" value=".0" tags="running" />
				<display_value name="dStaminaChangeOT" value=".0" />
				<passive_effect name="NoiseMultiplier" operation="perc_add" value="0.1" />
				<display_value name="dNoiseMultiplier" value="0.1" />
			</effect_group>
			<effect_group>
				<triggered_effect trigger="onSelfEquipStop" action="RemovePrefabFromEntity" prefab="Helmet002" />
			</effect_group>
			<effect_group>
				<requirement name="IsFPV" />
				<triggered_effect trigger="onSelfEquipStart" action="RemovePrefabFromEntity" prefab="Helmet002" />
			</effect_group>
			<effect_group>
				<requirement name="!IsFPV" />
				<triggered_effect trigger="onSelfEquipStart" action="AttachPrefabToEntity" prefab="#@modfolder:Resources/OctopusHelmet.unity3d?OctoHelm" parent_transform="Hips/LowerBack/Spine/Spine1/Neck/Head" local_offset="-0.07,0,0.03" local_rotation="0,0,90" />
			</effect_group>
		</item>
		</append>
	</OctoHelm>