<BAORounds>
	<append xpath="/item_modifiers">
	<item_modifier name="modGunBetaRounds" installable_tags="ranged" modifier_tags="crippling" blocked_tags="noMods" type="attachment">
		<property name="Extends" value="modGeneralMaster" param1="CustomIcon"/>
		<property name="UnlockedBy" value=""/>
		<property name="TraderStageTemplate" value=""/>
		
		<!--Each shot has a chance to cripple-->
		<effect_group tiered="false">
			<passive_effect name="DamageFalloffRange" operation="perc_add" value=".2"/>
			<passive_effect name="MaxRange" operation="perc_add" value=".2"/>
			<passive_effect name="SpreadMultiplierHip" operation="perc_add" value=".1"/>
			<passive_effect name="SpreadMultiplierAiming" operation="perc_add" value="-.05"/>
			<passive_effect name="SpreadMultiplierAiming" operation="perc_add" value="-.05"/>
			<passive_effect name="KickDegreesVerticalMin" operation="perc_add" value=".1"/>
			<passive_effect name="KickDegreesVerticalMax" operation="perc_add" value=".1"/>
			<passive_effect name="KickDegreesHorizontalMin" operation="perc_add" value=".05"/>
			<passive_effect name="KickDegreesHorizontalMax" operation="perc_add" value=".05"/>
			<passive_effect name="WeaponHandling" operation="perc_add" value="-.08"/>
			<passive_effect name="EntityDamage" operation="base_add" value="100"/>
				<requirement name="NotHasBuff" buff="buffHoldBreathAiming01"/>
		</effect_group>
	</item_modifier>
	
	<item_modifier name="modGunAlpha" installable_tags="ranged" modifier_tags="crippling" blocked_tags="noMods" type="attachment">
		<property name="Extends" value="modGeneralMaster" param1="CustomIcon"/>
		<property name="UnlockedBy" value=""/>
		<property name="TraderStageTemplate" value=""/>
		
		<!--Each shot has a chance to cripple-->
		<effect_group tiered="false">
			<passive_effect name="DamageFalloffRange" operation="perc_add" value=".2"/>
			<passive_effect name="MaxRange" operation="perc_add" value=".2"/>
			<passive_effect name="SpreadMultiplierHip" operation="perc_add" value=".1"/>
			<passive_effect name="SpreadMultiplierAiming" operation="perc_add" value="-.05"/>
			<passive_effect name="SpreadMultiplierAiming" operation="perc_add" value="-.05"/>
			<passive_effect name="KickDegreesVerticalMin" operation="perc_add" value=".1"/>
			<passive_effect name="KickDegreesVerticalMax" operation="perc_add" value=".1"/>
			<passive_effect name="KickDegreesHorizontalMin" operation="perc_add" value=".05"/>
			<passive_effect name="KickDegreesHorizontalMax" operation="perc_add" value=".05"/>
			<passive_effect name="WeaponHandling" operation="perc_add" value="-.08"/>
			<passive_effect name="EntityDamage" operation="base_add" value="250"/>
				<requirement name="NotHasBuff" buff="buffHoldBreathAiming01"/>
		</effect_group>
		<effect_group tiered="false">
			<requirement name="EntityTagCompare" target="other" tags="walker"/>
			<requirement name="!HoldingItemHasTags" tags="shotgun"/>
			<requirement name="RandomRoll" seed_type="Random" min_max="0,100" operation="LTE" value="20"/>
				<triggered_effect trigger="onSelfDamagedOther" action="AddBuff" target="other" buff="buffInjuryCrippled01"/>
		</effect_group>
		<effect_group tiered="false">
			<requirement name="EntityTagCompare" target="other" tags="walker"/>
			<requirement name="HoldingItemHasTags" tags="shotgun"/>
			<requirement name="RandomRoll" seed_type="Random" min_max="0,800" operation="LTE" value="20"/>
				<triggered_effect trigger="onSelfDamagedOther" action="AddBuff" target="other" buff="buffInjuryCrippled01"/>
		</effect_group>
	</item_modifier>
	
	<item_modifier name="modGunOmega" installable_tags="ranged" modifier_tags="crippling" blocked_tags="noMods" type="attachment">
		<property name="Extends" value="modGeneralMaster" param1="CustomIcon"/>
		<property name="UnlockedBy" value=""/>
		<property name="TraderStageTemplate" value=""/>
		
		<!--Each shot has a chance to cripple-->
		<effect_group tiered="false">
			<requirement name="EntityTagCompare" target="other" tags="walker"/>
			<requirement name="!HoldingItemHasTags" tags="shotgun"/>
			<requirement name="RandomRoll" seed_type="Random" min_max="0,100" operation="LTE" value="30"/>
				<triggered_effect trigger="onSelfDamagedOther" action="AddBuff" target="other" buff="buffInjuryCrippled01"/>
		</effect_group>
		<effect_group tiered="false">
			<requirement name="EntityTagCompare" target="other" tags="walker"/>
			<requirement name="HoldingItemHasTags" tags="shotgun"/>
			<requirement name="RandomRoll" seed_type="Random" min_max="0,800" operation="LTE" value="30"/>
				<triggered_effect trigger="onSelfDamagedOther" action="AddBuff" target="other" buff="buffInjuryCrippled01"/>
		</effect_group>
		<effect_group tiered="false">
			<passive_effect name="DamageFalloffRange" operation="perc_add" value=".2"/>
			<passive_effect name="MaxRange" operation="perc_add" value=".2"/>
			<passive_effect name="SpreadMultiplierHip" operation="perc_add" value=".1"/>
			<passive_effect name="SpreadMultiplierAiming" operation="perc_add" value="-.05"/>
			<passive_effect name="SpreadMultiplierAiming" operation="perc_add" value="-.05"/>
			<passive_effect name="KickDegreesVerticalMin" operation="perc_add" value=".1"/>
			<passive_effect name="KickDegreesVerticalMax" operation="perc_add" value=".1"/>
			<passive_effect name="KickDegreesHorizontalMin" operation="perc_add" value=".05"/>
			<passive_effect name="KickDegreesHorizontalMax" operation="perc_add" value=".05"/>
			<passive_effect name="WeaponHandling" operation="perc_add" value="-.08"/>
			<passive_effect name="EntityDamage" operation="base_add" value="500"/>
				<requirement name="NotHasBuff" buff="buffHoldBreathAiming01"/>
		</effect_group>
	</item_modifier>
	</append>
</BAORounds>