<BAORounds>
	<append xpath="/items">
	<item name="modGunBetaRoundsSchematic">
		<property name="Extends" value="schematicNoQualityMaster"/>
		<property name="CreativeMode" value="Player"/>
		<property name="CustomIcon" value="modGunCrippleEm"/>
		<property name="Unlocks" value="modGunBetaRounds"/>
		<effect_group tiered="false">
			<triggered_effect trigger="onSelfPrimaryActionEnd" action="ModifyCVar" cvar="modGunBetaRounds" operation="set" value="1"/>
			<triggered_effect trigger="onSelfPrimaryActionEnd" action="GiveExp" exp="500"/>
		</effect_group>
	</item>
	<item name="modGunAlphaRoundsSchematic">
		<property name="Extends" value="schematicNoQualityMaster"/>
		<property name="CreativeMode" value="Player"/>
		<property name="CustomIcon" value="modGunCrippleEm"/>
		<property name="Unlocks" value="modGunAlphaRounds"/>
		<effect_group tiered="false">
			<triggered_effect trigger="onSelfPrimaryActionEnd" action="ModifyCVar" cvar="modGunAlphaRounds" operation="set" value="1"/>
			<triggered_effect trigger="onSelfPrimaryActionEnd" action="GiveExp" exp="500"/>
		</effect_group>
	</item>
	<item name="modGunOmegaRoundsSchematic">
		<property name="Extends" value="schematicNoQualityMaster"/>
		<property name="CreativeMode" value="Player"/>
		<property name="CustomIcon" value="modGunCrippleEm"/>
		<property name="Unlocks" value="modGunOmegaRounds"/>
		<effect_group tiered="false">
			<triggered_effect trigger="onSelfPrimaryActionEnd" action="ModifyCVar" cvar="modGunOmegaRounds" operation="set" value="1"/>
			<triggered_effect trigger="onSelfPrimaryActionEnd" action="GiveExp" exp="500"/>
		</effect_group>
	</item>
	<effect_group tiered="false">
		<triggered_effect trigger="onSelfPrimaryActionEnd" action="ModifyCVar" cvar="modGunBetaRounds" operation="set" value="1"/>
		<triggered_effect trigger="onSelfPrimaryActionEnd" action="ModifyCVar" cvar="modGunAlphaRounds" operation="set" value="1"/>
		<triggered_effect trigger="onSelfPrimaryActionEnd" action="ModifyCVar" cvar="modGunOmegaRounds" operation="set" value="1"/>
		</effect_group>
		
	<item name="modGunBetaRounds">
		<property name="Material" value="Mmetal"/>
		<property name="Meshfile" value="#Other/Items?Misc/sackPrefab.prefab"/>
		<property name="CreativeMode" value="Player"/>
		<property name="CustomIcon" value="modGunCrippleEm"/>
	</item>
	<item name="modGunAlphaRounds">
		<property name="Material" value="Mmetal"/>
		<property name="Meshfile" value="#@modfolder:Resources/BAORound.unity3d?BAOR.prefab"/>
		<property name="CreativeMode" value="Player"/>
		<property name="CustomIcon" value="modGunCrippleEm"/>
	</item>
		<item name="modGunOmegaRounds">
		<property name="Material" value="Mmetal"/>
		<property name="Meshfile" value="#@modfolder:Resources/BAORound.unity3d?BAOR.prefab"/>
		<property name="CreativeMode" value="Player"/>
		<property name="CustomIcon" value="modGunCrippleEm"/>
	</item>
	</append>
</BAORounds>