<HouseBoss>
	<append xpath="/entity_classes">
		<entity_class name="Hill_House_Boss" extends="zombieTemplateMale">
		<property name="Tags" value="entity,animal,npc,zombie,DRMid,perkAT03"/>
		<property name="Mesh" value="#@modfolder:Resources/TitanHouseBoss.unity3d?TitanBoss"/>
		<property name="WalkType" value="7"/>
		<property name="UserSpawnType" value="Menu"/>
		<property name="SizeScale" value="1.08"/>
		<property name="SoundRandom" value="BossRandom"/>
		<property name="SoundAlert" value="BossRoar"/>
		<property name="SoundAttack" value="BossAttack"/>
		<property name="SoundHurt" value="BossHit"/>
		<property name="SoundDeath" value="BossDeath"/>
		<property name="SoundSense" value="BossSense"/>
		<property name="LookAtAngle" value="0"/>
		<property name="HandItem" value="meleeHandTitan"/>
		<effect_group name="Base Effects">
		<passive_effect name="HealthMax" operation="base_set" value="1200000"/>
	</effect_group>
</entity_class>
</append>
</HouseBoss>