<HouseBoss>
	<append xpath="/items">
	<item name="meleeHandTitan">
	<property name="Extends" value="meleeHandMaster"/>
	<property name="CreativeMode" value="None"/>
	<property class="Action0">
		<property name="DamageEntity" value="10"/>
		<property name="DamageBlock" value="30"/>
		<property name="Sphere" value="0.03"/>
		<property name="Range" value="2.5"/>
	</property>
	<effect_group name="meleeHandAnimalBear" tiered="false">
		<!-- these base_add or perc_add have no effect whatsoever on zombies
		<passive_effect name="EntityDamage" operation="base_set" value="10"/>
		<passive_effect name="BlockDamage" operation="base_set" value="100"/>
		-->
		<passive_effect name="ModSlots" operation="base_set" value="0"/>
		<passive_effect name="EntityDamage" operation="base_set" value="50"/>
		<triggered_effect trigger="onSelfAttackedOther" action="AddBuff" target="other" fireOneBuff="true"
			buff="buffFatiguedTrigger,buffArmSprainedCHTrigger,buffLegSprainedCHTrigger,buffLaceration,buffAbrasionCatch,buffInjuryStunned01CHTrigger,buffInjuryBleedingTwo"
			weights=".11,.07,.07,.05,.29,.36,.11"/>
		<!--
		<passive_effect name="BuffProcChance" operation="base_set" value=".15" tags="buffInjuryBleedingTwo"/>
		<passive_effect name="BuffProcChance" operation="base_set" value=".10" tags="buffInfectionCatch"/>
		<passive_effect name="BuffProcChance" operation="base_set" value=".15" tags="buffInjuryStunned01"/>
		-->
		<!-- If the  buffInfectionCatch  buff makes it past buff resistance, this value is added to the  infectionCounter,  increasing infection level -->
		<!-- Buckets are: -->
		<!--InfectionRegular--><!--InfectionFeral--><!--InfectionRadiated--><!--InfectionSpecial-->
		<triggered_effect trigger="onSelfAttackedOther" action="ModifyCVar" target="other" cvar="infectionCounter" operation="add" value="10"><!--InfectionRegular-->
			<requirement name="CVarCompare" target="other" cvar="infectionCounter" operation="GT" value="0"/></triggered_effect>
		<triggered_effect trigger="onSelfAttackedOther" action="ModifyCVar" target="other" cvar="abrasionZombieHit" operation="set" value="1800"/><!--AbrasionRegular-->
	</effect_group>
</item>
</append>
</HouseBoss>