<?xml version="1.0" encoding="utf-8"?>
<HouseBoss>
		<append xpath="/Sounds">
	<SoundDataNode name="BossRoar"> <AudioSource name="Sounds/AudioSource_CreatureSenseAlert"/> 
	<Channel name="Mouth"/>
	<Priority name="3"/>
	<maxVoicesPerEntity value="1"/>
	<LowestPitch name="0.95"/>
	<HighestPitch name="1.05"/>
	<AudioClip ClipName="#@modfolder:Resources/BossRoar.unity3d?Roar"/>
	<LocalCrouchVolumeScale value="1"/> <CrouchNoiseScale value="1"/> <NoiseScale value="1"/> <MaxVoices value="10"/> <MaxRepeatRate value="0.001"/> </SoundDataNode>
	
	<SoundDataNode name="BossSense"> <AudioSource name="Sounds/AudioSource_Creatures"/> 
	<Channel name="Mouth"/>
	<Priority name="4"/>
	<maxVoicesPerEntity value="1"/>
	<LowestPitch name="0.95"/>
	<HighestPitch name="1.05"/>
	<AudioClip ClipName="#@modfolder:Resources/BossSense.unity3d?Sense"/>
	<LocalCrouchVolumeScale value="1"/> <CrouchNoiseScale value="1"/> <NoiseScale value="1"/> <MaxVoices value="10"/> <MaxRepeatRate value="0.001"/> </SoundDataNode>
	
	<SoundDataNode name="BossAttack"> <AudioSource name="Sounds/AudioSource_Creatures"/>
	<Channel name="Mouth"/>
	<Priority name="2"/>
	<maxVoicesPerEntity value="1"/>
	<LowestPitch name="0.95"/>
	<HighestPitch name="1.05"/>
	<AudioClip ClipName="#@modfolder:Resources/BossAttack.unity3d?Attack"/>
	<LocalCrouchVolumeScale value="1"/> <CrouchNoiseScale value="1"/> <NoiseScale value="1"/> <MaxVoices value="10"/> <MaxRepeatRate value="0.001"/> </SoundDataNode>
	
	<SoundDataNode name="BossHit"> <AudioSource name="Sounds/AudioSource_Creatures"/> 
	<Channel name="Mouth"/>
	<Priority name="1"/>
	<maxVoicesPerEntity value="1"/>
	<LowestPitch name="0.95"/>
	<HighestPitch name="1.05"/>
	<AudioClip ClipName="#@modfolder:Resources/BossGrowl.unity3d?Growl"/>
	<LocalCrouchVolumeScale value="1"/> <CrouchNoiseScale value="1"/> <NoiseScale value="1"/> <MaxVoices value="10"/> <MaxRepeatRate value="0.001"/> </SoundDataNode>
	
	<SoundDataNode name="BossRandom"> <AudioSource name="Sounds/AudioSource_Creatures"/> 
	<Channel name="Mouth"/>
	<Priority name="5"/>
	<maxVoicesPerEntity value="1"/>
	<LowestPitch name="0.95"/>
	<HighestPitch name="1.05"/>
	<AudioClip ClipName="#@modfolder:Resources/BossRandom.unity3d?Random"/>
	<LocalCrouchVolumeScale value="1"/> <CrouchNoiseScale value="1"/> <NoiseScale value="1"/> <MaxVoices value="10"/> <MaxRepeatRate value="0.001"/> </SoundDataNode>
	
	<SoundDataNode name="BossDeath"> <AudioSource name="Sounds/AudioSource_Creatures"/> 
	<Channel name="Mouth"/>
	<Priority name="0"/>
	<maxVoicesPerEntity value="1"/>
	<LowestPitch name="0.95"/>
	<HighestPitch name="1.05"/>
	<AudioClip ClipName="#@modfolder:Resources/BossDeath.unity3d?Death"/>
	<LocalCrouchVolumeScale value="1"/> <CrouchNoiseScale value="1"/> <NoiseScale value="1"/> <MaxVoices value="10"/> <MaxRepeatRate value="0.001"/> </SoundDataNode>
	</append>
</HouseBoss>