<INFS>
	<append xpath="/items">	
	<item name="meleeWpnSpearStaffOfPower">
	<property name="Tags" value="melee,grunting,medium,weapon,meleeWeapon,longShaft,attPerception,perkJavelinMaster,perkFlurryOfPerception,canHaveCosmetic,spearSkill"/><!-- ,thrownWeapon -->
	<property name="DisplayType" value="meleeSpear"/>
	<property name="HoldType" value="59"/>
	<property name="Meshfile" value="#@modfolder:Resources/StaffOfPower.unity3d?PowerStoneStaff.Prefab"/>
	<property name="Material" value="Mstone"/>
	<!-- <property name="StickyMaterial" value="@:Other/Items/Weapons/Melee/Spear/Materials/spear_sticky.mat"/> -->
	<property name="RepairTools" value="resourceRepairKit"/>
	<property name="DegradationBreaksAfter" value="false"/>
	<property name="SoundJammed" value="ItemNeedsRepair"/>
	<property name="SoundDestroy" value="wooddestroy1"/>
	<property name="EconomicValue" value="17500"/>
	<property name="EconomicBundleSize" value="1"/>
	<!-- <property name="IsSticky" value="true"/> -->
	<!-- <property name="StickyOffset" value=".7"/> -->
	<!-- <property name="StickyColliderUp" value="1"/> -->
	<!-- <property name="StickyColliderRadius" value=".1"/> -->
	<!-- <property name="StickyColliderLength" value="2"/> -->
	<!-- <property name="StickyForwardDirection" value="0,0,1"/> -->
	<property name="ShowQuality" value="true"/>
	<property name="Group" value="Ammo/Weapons,Basics,Melee Weapons,Ranged Weapons"/>
	<property name="RepairExpMultiplier" value="5.5"/>
	<!-- <property name="NavObject" value="spear"/> -->
	<property name="SoundUnholster" value="weapon_unholster"/>
	<property name="SoundHolster" value="weapon_holster"/>
	
	<property class="Action0">
		<property name="Class" value="DynamicMelee"/>
		<property name="Range" value="2.6"/>
		<property name="Hitmask_override" value="Melee"/>
		<property name="Sphere" value=".05"/> <!-- limit to 0.15, else the sphere cast can overlap the target already -->
		<property name="Sound_start" value="spear_fire"/>
		<property name="ToolCategory.harvestingTools" value="1" param1="1"/>
		<property name="UseGrazingHits" value="true"/>
		<property name="GrazeStart" value=".25"/>
		<property name="GrazeEnd" value=".32"/>
		<property name="SwingDegrees" value="10"/>
		<property name="SwingAngle" value="20"/>
		<property class="HitSounds">
			<property name="Override0" value="organic" param1="metalstaborganic"/>
		</property>
		<property class="GrazeSounds">
			<property name="Override0" value="organic" param1="metalgrazeorganic"/>
		</property>
	</property>
	<!-- <property class="Action1"> -->
		<!-- <requirement name="StatCompareCurrent" stat="Stamina" operation="GTE" value="20.1"/> -->
		<!-- <property name="Class" value="ThrownWeapon"/> -->
		<!-- <property name="Hitmask_override" value="Bullet"/> -->
		<!-- <property name="Delay" value="1.2"/> -->
		<!-- <property name="Throw_strength_default" value="6"/> -->
		<!-- <property name="Throw_strength_max" value="18"/> -->
		<!-- <property name="Max_strain_time" value="1"/> -->
		<!-- <property name="Sound_start" value="spear_throw"/> -->
		<!-- <property name="Explosion.ParticleIndex" value="0"/> no expl. -->
		<!-- <property name="FlyTime" value="0"/> -->
		<!-- <property name="Gravity" value="-7.5"/> default is -9.81 -->
		<!-- <property name="LifeTime" value="60"/> -->
		<!-- <property class="HitSounds"> -->
			<!-- <property name="Override0" value="organic" param1="metalstaborganic"/> -->
		<!-- </property> -->
	<!-- </property> -->
	<property class="Action1">
		<property name="Class" value="DynamicMelee"/>
		<property name="Range" value="3.6"/>
		<property name="Sphere" value=".15"/>   <!-- limit to 0.15, else the sphere cast can overlap the target already -->
		<property name="Sound_start" value="spear_fire"/>
		<property name="ToolCategory.harvestingTools" value="1" param1="1"/>
		<property name="UsePowerAttackAnimation" value="true"/>
	</property>
	
	<effect_group name="meleeWpnSpearStaffOfPower">
		<passive_effect name="TargetArmor" operation="perc_add" value="-1.2" tags="perkJavelinMaster"/><display_value name="dTargetArmor" value="-.3"/>
		<passive_effect name="AttacksPerMinute" operation="base_set" value="55" tags="perkJavelinMaster,perkFlurryOfPerception"/>
		<passive_effect name="StaminaLoss" operation="base_set" value="10.5" tags="primary"/>
		<passive_effect name="DegradationMax" operation="base_set" value="5000" tier="1,6" tags="perkJavelinMaster"/>
		<passive_effect name="DegradationPerUse" operation="base_set" value="1" tags="perkJavelinMaster"/>
		<passive_effect name="BlockRange" operation="base_set" value="2" tags="perkJavelinMaster"/>
		<passive_effect name="ModSlots" operation="base_set" value="6,6,6,6,6,6" tier="1,2,3,4,5,6"/>
		<passive_effect name="ModPowerBonus" operation="perc_add" value=".10" tags="EntityDamage,BlockDamage"/>
		<passive_effect name="ModPowerBonus" operation="base_add" value="300" tags="EconomicValue"/>
		<passive_effect name="EntityDamage" operation="base_set" value="1000" tags="perkJavelinMaster"/> <!-- meleeWpnSpearT0StoneSpear -->
		<passive_effect name="EntityDamage" operation="perc_add" value=".1,.5" tier="2,6" tags="perkJavelinMaster"/> <!-- tier bonus -->
		<passive_effect name="BlockDamage" operation="base_set" value="500" tags="perkJavelinMaster"/>
		<passive_effect name="BlockDamage" operation="perc_add" value=".1,.5" tier="2,6" tags="perkJavelinMaster"/> <!-- tier bonus -->
		<passive_effect name="DamageModifier" operation="perc_add" value="-.8" tags="wood"/>
		<passive_effect name="DamageModifier" operation="perc_add" value="-.9" tags="stone"/>
		<passive_effect name="DamageModifier" operation="perc_add" value="-.9" tags="metal"/>
		<passive_effect name="HarvestCount" operation="base_add" value="-.75" tags="allHarvest"/>
		<passive_effect name="HarvestCount" operation="base_add" value="-.75" tags="allToolsHarvest"/>
		<passive_effect name="HarvestCount" operation="base_add" value="-.75" tags="oreWoodHarvest"/>
	</effect_group>
	<!-- <effect_group name="Throw"> -->
		<!-- <passive_effect name="EntityDamage" operation="perc_add" value="2.85" tags="secondary"/> -->
		<!-- <passive_effect name="BlockDamage" operation="perc_add" value="2.85" tags="secondary"/> -->
		<!-- <passive_effect name="StaminaLoss" operation="base_set" value="36.9" tags="secondary"/> -->
	<!-- </effect_group> -->
	<effect_group name="Power Attack">
		<passive_effect name="EntityDamage" operation="perc_add" value="1" tags="secondary"/>
		<passive_effect name="BlockDamage" operation="perc_add" value="1" tags="secondary"/>
		<passive_effect name="StaminaLoss" operation="base_set" value="26.1" tags="secondary"/>
		
		
		<passive_effect name="EntityPenetrationCount" operation="base_set" value="1" tags="perkJavelinMaster">
			<requirement name="ProgressionLevel" progression_name="perkSpearHunter6PenetratingShaft" operation="Equals" value="1"/>
		</passive_effect>
		<passive_effect name="BlockPenetrationFactor" operation="base_set" value="10000" tags="perkJavelinMaster"/>
		<triggered_effect trigger="onSelfSecondaryActionStart" action="AddJournalEntry" journal="powerAttackTip"/>
	</effect_group>
</item>

	<item name="meleeWpnSpearStaffOfMind">
	<property name="Tags" value="melee,grunting,medium,weapon,meleeWeapon,longShaft,attPerception,perkJavelinMaster,perkFlurryOfPerception,canHaveCosmetic,spearSkill"/><!-- ,thrownWeapon -->
	<property name="DisplayType" value="meleeSpear"/>
	<property name="HoldType" value="59"/>
	<property name="Meshfile" value="#@modfolder:Resources/StaffOfMind.unity3d?MindStoneStaff.Prefab"/>
	<property name="Material" value="Mstone"/>
	<!-- <property name="StickyMaterial" value="@:Other/Items/Weapons/Melee/Spear/Materials/spear_sticky.mat"/> -->
	<property name="RepairTools" value="resourceRepairKit"/>
	<property name="DegradationBreaksAfter" value="false"/>
	<property name="SoundJammed" value="ItemNeedsRepair"/>
	<property name="SoundDestroy" value="wooddestroy1"/>
	<property name="EconomicValue" value="17500"/>
	<property name="EconomicBundleSize" value="1"/>
	<!-- <property name="IsSticky" value="true"/> -->
	<!-- <property name="StickyOffset" value=".7"/> -->
	<!-- <property name="StickyColliderUp" value="1"/> -->
	<!-- <property name="StickyColliderRadius" value=".1"/> -->
	<!-- <property name="StickyColliderLength" value="2"/> -->
	<!-- <property name="StickyForwardDirection" value="0,0,1"/> -->
	<property name="ShowQuality" value="true"/>
	<property name="Group" value="Ammo/Weapons,Basics,Melee Weapons,Ranged Weapons"/>
	<property name="RepairExpMultiplier" value="5.5"/>
	<!-- <property name="NavObject" value="spear"/> -->
	<property name="SoundUnholster" value="weapon_unholster"/>
	<property name="SoundHolster" value="weapon_holster"/>
	
	<property class="Action0">
		<property name="Class" value="DynamicMelee"/>
		<property name="Range" value="2.6"/>
		<property name="Hitmask_override" value="Melee"/>
		<property name="Sphere" value=".05"/> <!-- limit to 0.15, else the sphere cast can overlap the target already -->
		<property name="Sound_start" value="spear_fire"/>
		<property name="ToolCategory.harvestingTools" value="1" param1="1"/>
		<property name="UseGrazingHits" value="true"/>
		<property name="GrazeStart" value=".25"/>
		<property name="GrazeEnd" value=".32"/>
		<property name="SwingDegrees" value="10"/>
		<property name="SwingAngle" value="20"/>
		<property class="HitSounds">
			<property name="Override0" value="organic" param1="metalstaborganic"/>
		</property>
		<property class="GrazeSounds">
			<property name="Override0" value="organic" param1="metalgrazeorganic"/>
		</property>
	</property>
	<!-- <property class="Action1"> -->
		<!-- <requirement name="StatCompareCurrent" stat="Stamina" operation="GTE" value="20.1"/> -->
		<!-- <property name="Class" value="ThrownWeapon"/> -->
		<!-- <property name="Hitmask_override" value="Bullet"/> -->
		<!-- <property name="Delay" value="1.2"/> -->
		<!-- <property name="Throw_strength_default" value="6"/> -->
		<!-- <property name="Throw_strength_max" value="18"/> -->
		<!-- <property name="Max_strain_time" value="1"/> -->
		<!-- <property name="Sound_start" value="spear_throw"/> -->
		<!-- <property name="Explosion.ParticleIndex" value="0"/> no expl. -->
		<!-- <property name="FlyTime" value="0"/> -->
		<!-- <property name="Gravity" value="-7.5"/> default is -9.81 -->
		<!-- <property name="LifeTime" value="60"/> -->
		<!-- <property class="HitSounds"> -->
			<!-- <property name="Override0" value="organic" param1="metalstaborganic"/> -->
		<!-- </property> -->
	<!-- </property> -->
	<property class="Action1">
		<property name="Class" value="DynamicMelee"/>
		<property name="Range" value="3.6"/>
		<property name="Sphere" value=".15"/>   <!-- limit to 0.15, else the sphere cast can overlap the target already -->
		<property name="Sound_start" value="spear_fire"/>
		<property name="ToolCategory.harvestingTools" value="1" param1="1"/>
		<property name="UsePowerAttackAnimation" value="true"/>
	</property>
	
	<effect_group name="meleeWpnSpearStaffOfMind">
		<passive_effect name="TargetArmor" operation="perc_add" value="-10" tags="perkJavelinMaster"/><display_value name="dTargetArmor" value="-.3"/>
		<passive_effect name="AttacksPerMinute" operation="base_set" value="50" tags="perkJavelinMaster,perkFlurryOfPerception"/>
		<passive_effect name="StaminaLoss" operation="base_set" value="10.5" tags="primary"/>
		<passive_effect name="DegradationMax" operation="base_set" value="5000" tier="1,6" tags="perkJavelinMaster"/>
		<passive_effect name="DegradationPerUse" operation="base_set" value="1" tags="perkJavelinMaster"/>
		<passive_effect name="BlockRange" operation="base_set" value="2" tags="perkJavelinMaster"/>
		<passive_effect name="ModSlots" operation="base_set" value="6,6,6,6,6,6" tier="1,2,3,4,5,6"/>
		<passive_effect name="ModPowerBonus" operation="perc_add" value=".10" tags="EntityDamage,BlockDamage"/>
		<passive_effect name="ModPowerBonus" operation="base_add" value="300" tags="EconomicValue"/>
		<passive_effect name="EntityDamage" operation="base_set" value="700" tags="perkJavelinMaster"/> <!-- meleeWpnSpearT0StoneSpear -->
		<passive_effect name="EntityDamage" operation="perc_add" value=".1,.5" tier="2,6" tags="perkJavelinMaster"/> <!-- tier bonus -->
		<passive_effect name="BlockDamage" operation="base_set" value="300" tags="perkJavelinMaster"/>
		<passive_effect name="BlockDamage" operation="perc_add" value=".1,.5" tier="2,6" tags="perkJavelinMaster"/> <!-- tier bonus -->
		<passive_effect name="DamageModifier" operation="perc_add" value="-.8" tags="wood"/>
		<passive_effect name="DamageModifier" operation="perc_add" value="-.9" tags="stone"/>
		<passive_effect name="DamageModifier" operation="perc_add" value="-.9" tags="metal"/>
		<passive_effect name="HarvestCount" operation="base_add" value="-.75" tags="allHarvest"/>
		<passive_effect name="HarvestCount" operation="base_add" value="-.75" tags="allToolsHarvest"/>
		<passive_effect name="HarvestCount" operation="base_add" value="-.75" tags="oreWoodHarvest"/>
	</effect_group>
	<!-- <effect_group name="Throw"> -->
		<!-- <passive_effect name="EntityDamage" operation="perc_add" value="2.85" tags="secondary"/> -->
		<!-- <passive_effect name="BlockDamage" operation="perc_add" value="2.85" tags="secondary"/> -->
		<!-- <passive_effect name="StaminaLoss" operation="base_set" value="36.9" tags="secondary"/> -->
	<!-- </effect_group> -->
	<effect_group name="Power Attack">
		<passive_effect name="EntityDamage" operation="perc_add" value="1" tags="secondary"/>
		<passive_effect name="BlockDamage" operation="perc_add" value="1" tags="secondary"/>
		<passive_effect name="StaminaLoss" operation="base_set" value="26.1" tags="secondary"/>
		
		
		<passive_effect name="EntityPenetrationCount" operation="base_set" value="1" tags="perkJavelinMaster">
			<requirement name="ProgressionLevel" progression_name="perkSpearHunter6PenetratingShaft" operation="Equals" value="1"/>
		</passive_effect>
		<passive_effect name="BlockPenetrationFactor" operation="base_set" value="10000" tags="perkJavelinMaster"/>
		<triggered_effect trigger="onSelfSecondaryActionStart" action="AddJournalEntry" journal="powerAttackTip"/>
	</effect_group>
</item>

<item name="meleeWpnSpearStaffOfReality">
	<property name="Tags" value="melee,grunting,medium,weapon,meleeWeapon,longShaft,attPerception,perkJavelinMaster,perkFlurryOfPerception,canHaveCosmetic,spearSkill"/><!-- ,thrownWeapon -->
	<property name="DisplayType" value="meleeSpear"/>
	<property name="HoldType" value="59"/>
	<property name="Meshfile" value="#@modfolder:Resources/StaffOfReality.unity3d?RealityStoneStaff.Prefab"/>
	<property name="Material" value="Mstone"/>
	<!-- <property name="StickyMaterial" value="@:Other/Items/Weapons/Melee/Spear/Materials/spear_sticky.mat"/> -->
	<property name="RepairTools" value="resourceRepairKit"/>
	<property name="DegradationBreaksAfter" value="false"/>
	<property name="SoundJammed" value="ItemNeedsRepair"/>
	<property name="SoundDestroy" value="wooddestroy1"/>
	<property name="EconomicValue" value="17500"/>
	<property name="EconomicBundleSize" value="1"/>
	<!-- <property name="IsSticky" value="true"/> -->
	<!-- <property name="StickyOffset" value=".7"/> -->
	<!-- <property name="StickyColliderUp" value="1"/> -->
	<!-- <property name="StickyColliderRadius" value=".1"/> -->
	<!-- <property name="StickyColliderLength" value="2"/> -->
	<!-- <property name="StickyForwardDirection" value="0,0,1"/> -->
	<property name="ShowQuality" value="true"/>
	<property name="Group" value="Ammo/Weapons,Basics,Melee Weapons,Ranged Weapons"/>
	<property name="RepairExpMultiplier" value="5.5"/>
	<!-- <property name="NavObject" value="spear"/> -->
	<property name="SoundUnholster" value="weapon_unholster"/>
	<property name="SoundHolster" value="weapon_holster"/>
	
	<property class="Action0">
		<property name="Class" value="DynamicMelee"/>
		<property name="Range" value="2.6"/>
		<property name="Hitmask_override" value="Melee"/>
		<property name="Sphere" value=".05"/> <!-- limit to 0.15, else the sphere cast can overlap the target already -->
		<property name="Sound_start" value="spear_fire"/>
		<property name="ToolCategory.harvestingTools" value="1" param1="1"/>
		<property name="UseGrazingHits" value="true"/>
		<property name="GrazeStart" value=".25"/>
		<property name="GrazeEnd" value=".32"/>
		<property name="SwingDegrees" value="10"/>
		<property name="SwingAngle" value="20"/>
		<property class="HitSounds">
			<property name="Override0" value="organic" param1="metalstaborganic"/>
		</property>
		<property class="GrazeSounds">
			<property name="Override0" value="organic" param1="metalgrazeorganic"/>
		</property>
	</property>
	<!-- <property class="Action1"> -->
		<!-- <requirement name="StatCompareCurrent" stat="Stamina" operation="GTE" value="20.1"/> -->
		<!-- <property name="Class" value="ThrownWeapon"/> -->
		<!-- <property name="Hitmask_override" value="Bullet"/> -->
		<!-- <property name="Delay" value="1.2"/> -->
		<!-- <property name="Throw_strength_default" value="6"/> -->
		<!-- <property name="Throw_strength_max" value="18"/> -->
		<!-- <property name="Max_strain_time" value="1"/> -->
		<!-- <property name="Sound_start" value="spear_throw"/> -->
		<!-- <property name="Explosion.ParticleIndex" value="0"/> no expl. -->
		<!-- <property name="FlyTime" value="0"/> -->
		<!-- <property name="Gravity" value="-7.5"/> default is -9.81 -->
		<!-- <property name="LifeTime" value="60"/> -->
		<!-- <property class="HitSounds"> -->
			<!-- <property name="Override0" value="organic" param1="metalstaborganic"/> -->
		<!-- </property> -->
	<!-- </property> -->
	<property class="Action1">
		<property name="Class" value="DynamicMelee"/>
		<property name="Range" value="3.6"/>
		<property name="Sphere" value=".15"/>   <!-- limit to 0.15, else the sphere cast can overlap the target already -->
		<property name="Sound_start" value="spear_fire"/>
		<property name="ToolCategory.harvestingTools" value="1" param1="1"/>
		<property name="UsePowerAttackAnimation" value="true"/>
	</property>
	
	<effect_group name="meleeWpnSpearStaffOfReality">
		<passive_effect name="TargetArmor" operation="perc_add" value="-1.0" tags="perkJavelinMaster"/><display_value name="dTargetArmor" value="-.3"/>
		<passive_effect name="AttacksPerMinute" operation="base_set" value="55" tags="perkJavelinMaster,perkFlurryOfPerception"/>
		<passive_effect name="StaminaLoss" operation="base_set" value="5.5" tags="primary"/>
		<passive_effect name="DegradationMax" operation="base_set" value="5000" tier="1,6" tags="perkJavelinMaster"/>
		<passive_effect name="DegradationPerUse" operation="base_set" value="1" tags="perkJavelinMaster"/>
		<passive_effect name="BlockRange" operation="base_set" value="2" tags="perkJavelinMaster"/>
		<passive_effect name="ModSlots" operation="base_set" value="6,6,6,6,6,6" tier="1,2,3,4,5,6"/>
		<passive_effect name="ModPowerBonus" operation="perc_add" value=".10" tags="EntityDamage,BlockDamage"/>
		<passive_effect name="ModPowerBonus" operation="base_add" value="30" tags="EconomicValue"/>
		<passive_effect name="EntityDamage" operation="base_set" value="800" tags="perkJavelinMaster"/> <!-- meleeWpnSpearT0StoneSpear -->
		<passive_effect name="EntityDamage" operation="perc_add" value=".1,.5" tier="2,6" tags="perkJavelinMaster"/> <!-- tier bonus -->
		<passive_effect name="BlockDamage" operation="base_set" value="150" tags="perkJavelinMaster"/>
		<passive_effect name="BlockDamage" operation="perc_add" value=".1,.5" tier="2,6" tags="perkJavelinMaster"/> <!-- tier bonus -->
		<passive_effect name="DamageModifier" operation="perc_add" value="-.8" tags="wood"/>
		<passive_effect name="DamageModifier" operation="perc_add" value="-.9" tags="stone"/>
		<passive_effect name="DamageModifier" operation="perc_add" value="-.9" tags="metal"/>
		<passive_effect name="HarvestCount" operation="base_add" value="-.75" tags="allHarvest"/>
		<passive_effect name="HarvestCount" operation="base_add" value="-.75" tags="allToolsHarvest"/>
		<passive_effect name="HarvestCount" operation="base_add" value="-.75" tags="oreWoodHarvest"/>
	</effect_group>
	<!-- <effect_group name="Throw"> -->
		<!-- <passive_effect name="EntityDamage" operation="perc_add" value="2.85" tags="secondary"/> -->
		<!-- <passive_effect name="BlockDamage" operation="perc_add" value="2.85" tags="secondary"/> -->
		<!-- <passive_effect name="StaminaLoss" operation="base_set" value="36.9" tags="secondary"/> -->
	<!-- </effect_group> -->
	<effect_group name="Power Attack">
		<passive_effect name="EntityDamage" operation="perc_add" value="1" tags="secondary"/>
		<passive_effect name="BlockDamage" operation="perc_add" value="1" tags="secondary"/>
		<passive_effect name="StaminaLoss" operation="base_set" value="26.1" tags="secondary"/>
		
		
		<passive_effect name="EntityPenetrationCount" operation="base_set" value="1" tags="perkJavelinMaster">
			<requirement name="ProgressionLevel" progression_name="perkSpearHunter6PenetratingShaft" operation="Equals" value="1"/>
		</passive_effect>
		<passive_effect name="BlockPenetrationFactor" operation="base_set" value="10000" tags="perkJavelinMaster"/>
		<triggered_effect trigger="onSelfSecondaryActionStart" action="AddJournalEntry" journal="powerAttackTip"/>
	</effect_group>
</item>

<item name="meleeWpnSpearStaffOfSoul">
	<property name="Tags" value="melee,grunting,medium,weapon,meleeWeapon,longShaft,attPerception,perkJavelinMaster,perkFlurryOfPerception,canHaveCosmetic,spearSkill"/><!-- ,thrownWeapon -->
	<property name="DisplayType" value="meleeSpear"/>
	<property name="HoldType" value="59"/>
	<property name="Meshfile" value="#@modfolder:Resources/StaffOfSoul.unity3d?SoulStoneStaff.Prefab"/>
	<property name="Material" value="Mstone"/>
	<!-- <property name="StickyMaterial" value="@:Other/Items/Weapons/Melee/Spear/Materials/spear_sticky.mat"/> -->
	<property name="RepairTools" value="resourceRepairKit"/>
	<property name="DegradationBreaksAfter" value="false"/>
	<property name="SoundJammed" value="ItemNeedsRepair"/>
	<property name="SoundDestroy" value="wooddestroy1"/>
	<property name="EconomicValue" value="175000"/>
	<property name="EconomicBundleSize" value="1"/>
	<!-- <property name="IsSticky" value="true"/> -->
	<!-- <property name="StickyOffset" value=".7"/> -->
	<!-- <property name="StickyColliderUp" value="1"/> -->
	<!-- <property name="StickyColliderRadius" value=".1"/> -->
	<!-- <property name="StickyColliderLength" value="2"/> -->
	<!-- <property name="StickyForwardDirection" value="0,0,1"/> -->
	<property name="ShowQuality" value="true"/>
	<property name="Group" value="Ammo/Weapons,Basics,Melee Weapons,Ranged Weapons"/>
	<property name="RepairExpMultiplier" value="5.5"/>
	<!-- <property name="NavObject" value="spear"/> -->
	<property name="SoundUnholster" value="weapon_unholster"/>
	<property name="SoundHolster" value="weapon_holster"/>
	
	<property class="Action0">
		<property name="Class" value="DynamicMelee"/>
		<property name="Range" value="2.6"/>
		<property name="Hitmask_override" value="Melee"/>
		<property name="Sphere" value=".05"/> <!-- limit to 0.15, else the sphere cast can overlap the target already -->
		<property name="Sound_start" value="spear_fire"/>
		<property name="ToolCategory.harvestingTools" value="1" param1="1"/>
		<property name="UseGrazingHits" value="true"/>
		<property name="GrazeStart" value=".25"/>
		<property name="GrazeEnd" value=".32"/>
		<property name="SwingDegrees" value="10"/>
		<property name="SwingAngle" value="20"/>
		<property class="HitSounds">
			<property name="Override0" value="organic" param1="metalstaborganic"/>
		</property>
		<property class="GrazeSounds">
			<property name="Override0" value="organic" param1="metalgrazeorganic"/>
		</property>
	</property>
	<!-- <property class="Action1"> -->
		<!-- <requirement name="StatCompareCurrent" stat="Stamina" operation="GTE" value="20.1"/> -->
		<!-- <property name="Class" value="ThrownWeapon"/> -->
		<!-- <property name="Hitmask_override" value="Bullet"/> -->
		<!-- <property name="Delay" value="1.2"/> -->
		<!-- <property name="Throw_strength_default" value="6"/> -->
		<!-- <property name="Throw_strength_max" value="18"/> -->
		<!-- <property name="Max_strain_time" value="1"/> -->
		<!-- <property name="Sound_start" value="spear_throw"/> -->
		<!-- <property name="Explosion.ParticleIndex" value="0"/> no expl. -->
		<!-- <property name="FlyTime" value="0"/> -->
		<!-- <property name="Gravity" value="-7.5"/> default is -9.81 -->
		<!-- <property name="LifeTime" value="60"/> -->
		<!-- <property class="HitSounds"> -->
			<!-- <property name="Override0" value="organic" param1="metalstaborganic"/> -->
		<!-- </property> -->
	<!-- </property> -->
	<property class="Action1">
		<property name="Class" value="DynamicMelee"/>
		<property name="Range" value="3.6"/>
		<property name="Sphere" value=".15"/>   <!-- limit to 0.15, else the sphere cast can overlap the target already -->
		<property name="Sound_start" value="spear_fire"/>
		<property name="ToolCategory.harvestingTools" value="1" param1="1"/>
		<property name="UsePowerAttackAnimation" value="true"/>
	</property>
	
	<effect_group name="meleeWpnSpearStaffOfSoul">
		<passive_effect name="TargetArmor" operation="perc_add" value="-1.0" tags="perkJavelinMaster"/><display_value name="dTargetArmor" value="-.3"/>
		<passive_effect name="AttacksPerMinute" operation="base_set" value="70" tags="perkJavelinMaster,perkFlurryOfPerception"/>
		<passive_effect name="StaminaLoss" operation="base_set" value="5.5" tags="primary"/>
		<passive_effect name="DegradationMax" operation="base_set" value="5000" tier="1,6" tags="perkJavelinMaster"/>
		<passive_effect name="DegradationPerUse" operation="base_set" value="1" tags="perkJavelinMaster"/>
		<passive_effect name="BlockRange" operation="base_set" value="2" tags="perkJavelinMaster"/>
		<passive_effect name="ModSlots" operation="base_set" value="6,6,6,6,6,6" tier="1,2,3,4,5,6"/>
		<passive_effect name="ModPowerBonus" operation="perc_add" value=".10" tags="EntityDamage,BlockDamage"/>
		<passive_effect name="ModPowerBonus" operation="base_add" value="300" tags="EconomicValue"/>
		<passive_effect name="EntityDamage" operation="base_set" value="80" tags="perkJavelinMaster"/> <!-- meleeWpnSpearT0StoneSpear -->
		<passive_effect name="EntityDamage" operation="perc_add" value=".1,.5" tier="2,6" tags="perkJavelinMaster"/> <!-- tier bonus -->
		<passive_effect name="BlockDamage" operation="base_set" value="15" tags="perkJavelinMaster"/>
		<passive_effect name="BlockDamage" operation="perc_add" value=".1,.5" tier="2,6" tags="perkJavelinMaster"/> <!-- tier bonus -->
		<passive_effect name="DamageModifier" operation="perc_add" value="-.8" tags="wood"/>
		<passive_effect name="DamageModifier" operation="perc_add" value="-.9" tags="stone"/>
		<passive_effect name="DamageModifier" operation="perc_add" value="-.9" tags="metal"/>
		<passive_effect name="HarvestCount" operation="base_add" value="-.75" tags="allHarvest"/>
		<passive_effect name="HarvestCount" operation="base_add" value="-.75" tags="allToolsHarvest"/>
		<passive_effect name="HarvestCount" operation="base_add" value="-.75" tags="oreWoodHarvest"/>
	</effect_group>
	<!-- <effect_group name="Throw"> -->
		<!-- <passive_effect name="EntityDamage" operation="perc_add" value="2.85" tags="secondary"/> -->
		<!-- <passive_effect name="BlockDamage" operation="perc_add" value="2.85" tags="secondary"/> -->
		<!-- <passive_effect name="StaminaLoss" operation="base_set" value="36.9" tags="secondary"/> -->
	<!-- </effect_group> -->
	<effect_group name="Power Attack">
		<passive_effect name="EntityDamage" operation="perc_add" value="1" tags="secondary"/>
		<passive_effect name="BlockDamage" operation="perc_add" value="1" tags="secondary"/>
		<passive_effect name="StaminaLoss" operation="base_set" value="26.1" tags="secondary"/>
		
		
		<passive_effect name="EntityPenetrationCount" operation="base_set" value="1" tags="perkJavelinMaster">
			<requirement name="ProgressionLevel" progression_name="perkSpearHunter6PenetratingShaft" operation="Equals" value="1"/>
		</passive_effect>
		<passive_effect name="BlockPenetrationFactor" operation="base_set" value="10000" tags="perkJavelinMaster"/>
		<triggered_effect trigger="onSelfSecondaryActionStart" action="AddJournalEntry" journal="powerAttackTip"/>
	</effect_group>
</item>

<item name="meleeWpnSpearStaffOfSpace">
	<property name="Tags" value="melee,grunting,medium,weapon,meleeWeapon,longShaft,attPerception,perkJavelinMaster,perkFlurryOfPerception,canHaveCosmetic,spearSkill"/><!-- ,thrownWeapon -->
	<property name="DisplayType" value="meleeSpear"/>
	<property name="HoldType" value="59"/>
	<property name="Meshfile" value="#@modfolder:Resources/StaffOfSpace.unity3d?SpaceStoneStaff.Prefab"/>
	<property name="Material" value="Mstone"/>
	<!-- <property name="StickyMaterial" value="@:Other/Items/Weapons/Melee/Spear/Materials/spear_sticky.mat"/> -->
	<property name="RepairTools" value="resourceRepairKit"/>
	<property name="DegradationBreaksAfter" value="false"/>
	<property name="SoundJammed" value="ItemNeedsRepair"/>
	<property name="SoundDestroy" value="wooddestroy1"/>
	<property name="EconomicValue" value="175000"/>
	<property name="EconomicBundleSize" value="1"/>
	<!-- <property name="IsSticky" value="true"/> -->
	<!-- <property name="StickyOffset" value=".7"/> -->
	<!-- <property name="StickyColliderUp" value="1"/> -->
	<!-- <property name="StickyColliderRadius" value=".1"/> -->
	<!-- <property name="StickyColliderLength" value="2"/> -->
	<!-- <property name="StickyForwardDirection" value="0,0,1"/> -->
	<property name="ShowQuality" value="true"/>
	<property name="Group" value="Ammo/Weapons,Basics,Melee Weapons,Ranged Weapons"/>
	<property name="RepairExpMultiplier" value="5.5"/>
	<!-- <property name="NavObject" value="spear"/> -->
	<property name="SoundUnholster" value="weapon_unholster"/>
	<property name="SoundHolster" value="weapon_holster"/>
	
	<property class="Action0">
		<property name="Class" value="DynamicMelee"/>
		<property name="Range" value="2.6"/>
		<property name="Hitmask_override" value="Melee"/>
		<property name="Sphere" value=".05"/> <!-- limit to 0.15, else the sphere cast can overlap the target already -->
		<property name="Sound_start" value="spear_fire"/>
		<property name="ToolCategory.harvestingTools" value="1" param1="1"/>
		<property name="UseGrazingHits" value="true"/>
		<property name="GrazeStart" value=".25"/>
		<property name="GrazeEnd" value=".32"/>
		<property name="SwingDegrees" value="10"/>
		<property name="SwingAngle" value="20"/>
		<property class="HitSounds">
			<property name="Override0" value="organic" param1="metalstaborganic"/>
		</property>
		<property class="GrazeSounds">
			<property name="Override0" value="organic" param1="metalgrazeorganic"/>
		</property>
	</property>
	<!-- <property class="Action1"> -->
		<!-- <requirement name="StatCompareCurrent" stat="Stamina" operation="GTE" value="20.1"/> -->
		<!-- <property name="Class" value="ThrownWeapon"/> -->
		<!-- <property name="Hitmask_override" value="Bullet"/> -->
		<!-- <property name="Delay" value="1.2"/> -->
		<!-- <property name="Throw_strength_default" value="6"/> -->
		<!-- <property name="Throw_strength_max" value="18"/> -->
		<!-- <property name="Max_strain_time" value="1"/> -->
		<!-- <property name="Sound_start" value="spear_throw"/> -->
		<!-- <property name="Explosion.ParticleIndex" value="0"/> no expl. -->
		<!-- <property name="FlyTime" value="0"/> -->
		<!-- <property name="Gravity" value="-7.5"/> default is -9.81 -->
		<!-- <property name="LifeTime" value="60"/> -->
		<!-- <property class="HitSounds"> -->
			<!-- <property name="Override0" value="organic" param1="metalstaborganic"/> -->
		<!-- </property> -->
	<!-- </property> -->
	<property class="Action1">
		<property name="Class" value="DynamicMelee"/>
		<property name="Range" value="3.6"/>
		<property name="Sphere" value=".15"/>   <!-- limit to 0.15, else the sphere cast can overlap the target already -->
		<property name="Sound_start" value="spear_fire"/>
		<property name="ToolCategory.harvestingTools" value="1" param1="1"/>
		<property name="UsePowerAttackAnimation" value="true"/>
	</property>
	
	<effect_group name="meleeWpnSpearStaffOfSpace">
		<passive_effect name="TargetArmor" operation="perc_add" value="-1.0" tags="perkJavelinMaster"/><display_value name="dTargetArmor" value="-.3"/>
		<passive_effect name="AttacksPerMinute" operation="base_set" value="70" tags="perkJavelinMaster,perkFlurryOfPerception"/>
		<passive_effect name="StaminaLoss" operation="base_set" value="5.5" tags="primary"/>
		<passive_effect name="DegradationMax" operation="base_set" value="5000" tier="1,6" tags="perkJavelinMaster"/>
		<passive_effect name="DegradationPerUse" operation="base_set" value="1" tags="perkJavelinMaster"/>
		<passive_effect name="BlockRange" operation="base_set" value="2" tags="perkJavelinMaster"/>
		<passive_effect name="ModSlots" operation="base_set" value="6,6,6,6,6,6" tier="1,2,3,4,5,6"/>
		<passive_effect name="ModPowerBonus" operation="perc_add" value=".10" tags="EntityDamage,BlockDamage"/>
		<passive_effect name="ModPowerBonus" operation="base_add" value="300" tags="EconomicValue"/>
		<passive_effect name="EntityDamage" operation="base_set" value="80" tags="perkJavelinMaster"/> <!-- meleeWpnSpearT0StoneSpear -->
		<passive_effect name="EntityDamage" operation="perc_add" value=".1,.5" tier="2,6" tags="perkJavelinMaster"/> <!-- tier bonus -->
		<passive_effect name="BlockDamage" operation="base_set" value="15" tags="perkJavelinMaster"/>
		<passive_effect name="BlockDamage" operation="perc_add" value=".1,.5" tier="2,6" tags="perkJavelinMaster"/> <!-- tier bonus -->
		<passive_effect name="DamageModifier" operation="perc_add" value="-.8" tags="wood"/>
		<passive_effect name="DamageModifier" operation="perc_add" value="-.9" tags="stone"/>
		<passive_effect name="DamageModifier" operation="perc_add" value="-.9" tags="metal"/>
		<passive_effect name="HarvestCount" operation="base_add" value="-.75" tags="allHarvest"/>
		<passive_effect name="HarvestCount" operation="base_add" value="-.75" tags="allToolsHarvest"/>
		<passive_effect name="HarvestCount" operation="base_add" value="-.75" tags="oreWoodHarvest"/>
	</effect_group>
	<effect_group name="Throw">
		<passive_effect name="EntityDamage" operation="perc_add" value="50" tags="secondary"/> 
		<passive_effect name="BlockDamage" operation="perc_add" value="2.85" tags="secondary"/> 
		<passive_effect name="StaminaLoss" operation="base_set" value="3" tags="secondary"/> 
	<!-- </effect_group> -->
	<!--effect_group name="Power Attack">
		<passive_effect name="EntityDamage" operation="perc_add" value="1" tags="secondary"/>
		<passive_effect name="BlockDamage" operation="perc_add" value="1" tags="secondary"/>
		<passive_effect name="StaminaLoss" operation="base_set" value="26.1" tags="secondary"/-->
		
		
		<passive_effect name="EntityPenetrationCount" operation="base_set" value="1" tags="perkJavelinMaster">
			<requirement name="ProgressionLevel" progression_name="perkSpearHunter6PenetratingShaft" operation="Equals" value="1"/>
		</passive_effect>
		<passive_effect name="BlockPenetrationFactor" operation="base_set" value="10000" tags="perkJavelinMaster"/>
		<triggered_effect trigger="onSelfSecondaryActionStart" action="AddJournalEntry" journal="powerAttackTip"/>
	</effect_group>
</item>

<item name="meleeWpnSpearStaffOfTime">
	<property name="Tags" value="melee,grunting,medium,weapon,meleeWeapon,longShaft,attPerception,perkJavelinMaster,perkFlurryOfPerception,canHaveCosmetic,spearSkill"/><!-- ,thrownWeapon -->
	<property name="DisplayType" value="meleeSpear"/>
	<property name="HoldType" value="59"/>
	<property name="Meshfile" value="#@modfolder:Resources/StaffOfTime.unity3d?TimeStoneStaff.Prefab"/>
	<property name="Material" value="Mstone"/>
	<!-- <property name="StickyMaterial" value="@:Other/Items/Weapons/Melee/Spear/Materials/spear_sticky.mat"/> -->
	<property name="RepairTools" value="resourceRepairKit"/>
	<property name="DegradationBreaksAfter" value="false"/>
	<property name="SoundJammed" value="ItemNeedsRepair"/>
	<property name="SoundDestroy" value="wooddestroy1"/>
	<property name="EconomicValue" value="175000"/>
	<property name="EconomicBundleSize" value="1"/>
	<!-- <property name="IsSticky" value="true"/> -->
	<!-- <property name="StickyOffset" value=".7"/> -->
	<!-- <property name="StickyColliderUp" value="1"/> -->
	<!-- <property name="StickyColliderRadius" value=".1"/> -->
	<!-- <property name="StickyColliderLength" value="2"/> -->
	<!-- <property name="StickyForwardDirection" value="0,0,1"/> -->
	<property name="ShowQuality" value="true"/>
	<property name="Group" value="Ammo/Weapons,Basics,Melee Weapons,Ranged Weapons"/>
	<property name="RepairExpMultiplier" value="5.5"/>
	<!-- <property name="NavObject" value="spear"/> -->
	<property name="SoundUnholster" value="weapon_unholster"/>
	<property name="SoundHolster" value="weapon_holster"/>
	
	<property class="Action0">
		<property name="Class" value="DynamicMelee"/>
		<property name="Range" value="2.6"/>
		<property name="Hitmask_override" value="Melee"/>
		<property name="Sphere" value=".05"/> <!-- limit to 0.15, else the sphere cast can overlap the target already -->
		<property name="Sound_start" value="spear_fire"/>
		<property name="ToolCategory.harvestingTools" value="1" param1="1"/>
		<property name="UseGrazingHits" value="true"/>
		<property name="GrazeStart" value=".25"/>
		<property name="GrazeEnd" value=".32"/>
		<property name="SwingDegrees" value="10"/>
		<property name="SwingAngle" value="20"/>
		<property class="HitSounds">
			<property name="Override0" value="organic" param1="metalstaborganic"/>
		</property>
		<property class="GrazeSounds">
			<property name="Override0" value="organic" param1="metalgrazeorganic"/>
		</property>
	</property>
	<!-- <property class="Action1"> -->
		<!-- <requirement name="StatCompareCurrent" stat="Stamina" operation="GTE" value="20.1"/> -->
		<!-- <property name="Class" value="ThrownWeapon"/> -->
		<!-- <property name="Hitmask_override" value="Bullet"/> -->
		<!-- <property name="Delay" value="1.2"/> -->
		<!-- <property name="Throw_strength_default" value="6"/> -->
		<!-- <property name="Throw_strength_max" value="18"/> -->
		<!-- <property name="Max_strain_time" value="1"/> -->
		<!-- <property name="Sound_start" value="spear_throw"/> -->
		<!-- <property name="Explosion.ParticleIndex" value="0"/> no expl. -->
		<!-- <property name="FlyTime" value="0"/> -->
		<!-- <property name="Gravity" value="-7.5"/> default is -9.81 -->
		<!-- <property name="LifeTime" value="60"/> -->
		<!-- <property class="HitSounds"> -->
			<!-- <property name="Override0" value="organic" param1="metalstaborganic"/> -->
		<!-- </property> -->
	<!-- </property> -->
	<property class="Action1">
		<property name="Class" value="DynamicMelee"/>
		<property name="Range" value="3.6"/>
		<property name="Sphere" value=".15"/>   <!-- limit to 0.15, else the sphere cast can overlap the target already -->
		<property name="Sound_start" value="spear_fire"/>
		<property name="ToolCategory.harvestingTools" value="1" param1="1"/>
		<property name="UsePowerAttackAnimation" value="true"/>
	</property>
	
	<effect_group name="meleeWpnSpearStaffOfTime">
		<passive_effect name="TargetArmor" operation="perc_add" value="-1.0" tags="perkJavelinMaster"/><display_value name="dTargetArmor" value="-.3"/>
		<passive_effect name="AttacksPerMinute" operation="base_set" value="100" tags="perkJavelinMaster,perkFlurryOfPerception"/>
		<passive_effect name="StaminaLoss" operation="base_set" value="5.5" tags="primary"/>
		<passive_effect name="DegradationMax" operation="base_set" value="5000" tier="1,6" tags="perkJavelinMaster"/>
		<passive_effect name="DegradationPerUse" operation="base_set" value="1" tags="perkJavelinMaster"/>
		<passive_effect name="BlockRange" operation="base_set" value="2" tags="perkJavelinMaster"/>
		<passive_effect name="ModSlots" operation="base_set" value="6,6,6,6,6,6" tier="1,2,3,4,5,6"/>
		<passive_effect name="ModPowerBonus" operation="perc_add" value=".10" tags="EntityDamage,BlockDamage"/>
		<passive_effect name="ModPowerBonus" operation="base_add" value="30" tags="EconomicValue"/>
		<passive_effect name="EntityDamage" operation="base_set" value="80" tags="perkJavelinMaster"/> <!-- meleeWpnSpearT0StoneSpear -->
		<passive_effect name="EntityDamage" operation="perc_add" value=".1,.5" tier="2,6" tags="perkJavelinMaster"/> <!-- tier bonus -->
		<passive_effect name="BlockDamage" operation="base_set" value="15" tags="perkJavelinMaster"/>
		<passive_effect name="BlockDamage" operation="perc_add" value=".1,.5" tier="2,6" tags="perkJavelinMaster"/> <!-- tier bonus -->
		<passive_effect name="DamageModifier" operation="perc_add" value="-.8" tags="wood"/>
		<passive_effect name="DamageModifier" operation="perc_add" value="-.9" tags="stone"/>
		<passive_effect name="DamageModifier" operation="perc_add" value="-.9" tags="metal"/>
		<passive_effect name="HarvestCount" operation="base_add" value="-.75" tags="allHarvest"/>
		<passive_effect name="HarvestCount" operation="base_add" value="-.75" tags="allToolsHarvest"/>
		<passive_effect name="HarvestCount" operation="base_add" value="-.75" tags="oreWoodHarvest"/>
	</effect_group>
	<effect_group name="Throw">
		<passive_effect name="EntityDamage" operation="perc_add" value="30" tags="secondary"/> 
		<passive_effect name="BlockDamage" operation="perc_add" value="2.85" tags="secondary"/> 
		<passive_effect name="StaminaLoss" operation="base_set" value="3" tags="secondary"/> 
	<!-- </effect_group> -->
	<!--effect_group name="Power Attack">
		<passive_effect name="EntityDamage" operation="perc_add" value="1" tags="secondary"/>
		<passive_effect name="BlockDamage" operation="perc_add" value="1" tags="secondary"/>
		<passive_effect name="StaminaLoss" operation="base_set" value="26.1" tags="secondary"/-->
		
		
		<passive_effect name="EntityPenetrationCount" operation="base_set" value="1" tags="perkJavelinMaster">
			<requirement name="ProgressionLevel" progression_name="perkSpearHunter6PenetratingShaft" operation="Equals" value="1"/>
		</passive_effect>
		<passive_effect name="BlockPenetrationFactor" operation="base_set" value="10000" tags="perkJavelinMaster"/>
		<triggered_effect trigger="onSelfSecondaryActionStart" action="AddJournalEntry" journal="powerAttackTip"/>
	</effect_group>
</item>

<item name="meleeWpnSpearStaffOfInfinity">
	<property name="Tags" value="melee,grunting,medium,weapon,meleeWeapon,longShaft,attPerception,perkJavelinMaster,perkFlurryOfPerception,canHaveCosmetic,spearSkill"/><!-- ,thrownWeapon -->
	<property name="DisplayType" value="meleeSpear"/>
	<property name="HoldType" value="59"/>
	<property name="Meshfile" value="#@modfolder:Resources/StaffOfInfinity.unity3d?InfinityStoneStaff.Prefab"/>
	<property name="Material" value="Mstone"/>
	<!-- <property name="StickyMaterial" value="@:Other/Items/Weapons/Melee/Spear/Materials/spear_sticky.mat"/> -->
	<property name="RepairTools" value="resourceRepairKit"/>
	<property name="DegradationBreaksAfter" value="false"/>
	<property name="SoundJammed" value="ItemNeedsRepair"/>
	<property name="SoundDestroy" value="wooddestroy1"/>
	<property name="EconomicValue" value="17500"/>
	<property name="EconomicBundleSize" value="1"/>
	<!-- <property name="IsSticky" value="true"/> -->
	<!-- <property name="StickyOffset" value=".7"/> -->
	<!-- <property name="StickyColliderUp" value="1"/> -->
	<!-- <property name="StickyColliderRadius" value=".1"/> -->
	<!-- <property name="StickyColliderLength" value="2"/> -->
	<!-- <property name="StickyForwardDirection" value="0,0,1"/> -->
	<property name="ShowQuality" value="true"/>
	<property name="Group" value="Ammo/Weapons,Basics,Melee Weapons,Ranged Weapons"/>
	<property name="RepairExpMultiplier" value="5.5"/>
	<!-- <property name="NavObject" value="spear"/> -->
	<property name="SoundUnholster" value="weapon_unholster"/>
	<property name="SoundHolster" value="weapon_holster"/>
	
	<property class="Action0">
		<property name="Class" value="DynamicMelee"/>
		<property name="Range" value="2.6"/>
		<property name="Hitmask_override" value="Melee"/>
		<property name="Sphere" value=".05"/> <!-- limit to 0.15, else the sphere cast can overlap the target already -->
		<property name="Sound_start" value="spear_fire"/>
		<property name="ToolCategory.harvestingTools" value="1" param1="1"/>
		<property name="UseGrazingHits" value="true"/>
		<property name="GrazeStart" value=".25"/>
		<property name="GrazeEnd" value=".32"/>
		<property name="SwingDegrees" value="10"/>
		<property name="SwingAngle" value="20"/>
		<property class="HitSounds">
			<property name="Override0" value="organic" param1="metalstaborganic"/>
		</property>
		<property class="GrazeSounds">
			<property name="Override0" value="organic" param1="metalgrazeorganic"/>
		</property>
	</property>
	<!-- <property class="Action1"> -->
		<!-- <requirement name="StatCompareCurrent" stat="Stamina" operation="GTE" value="20.1"/> -->
		<!-- <property name="Class" value="ThrownWeapon"/> -->
		<!-- <property name="Hitmask_override" value="Bullet"/> -->
		<!-- <property name="Delay" value="1.2"/> -->
		<!-- <property name="Throw_strength_default" value="6"/> -->
		<!-- <property name="Throw_strength_max" value="18"/> -->
		<!-- <property name="Max_strain_time" value="1"/> -->
		<!-- <property name="Sound_start" value="spear_throw"/> -->
		<!-- <property name="Explosion.ParticleIndex" value="0"/> no expl. -->
		<!-- <property name="FlyTime" value="0"/> -->
		<!-- <property name="Gravity" value="-7.5"/> default is -9.81 -->
		<!-- <property name="LifeTime" value="60"/> -->
		<!-- <property class="HitSounds"> -->
			<!-- <property name="Override0" value="organic" param1="metalstaborganic"/> -->
		<!-- </property> -->
	<!-- </property> -->
	<property class="Action1">
		<property name="Class" value="DynamicMelee"/>
		<property name="Range" value="3.6"/>
		<property name="Sphere" value=".15"/>   <!-- limit to 0.15, else the sphere cast can overlap the target already -->
		<property name="Sound_start" value="spear_fire"/>
		<property name="ToolCategory.harvestingTools" value="1" param1="1"/>
		<property name="UsePowerAttackAnimation" value="true"/>
	</property>
	
	<effect_group name="meleeWpnSpearStaffOfInfinity">
		<passive_effect name="TargetArmor" operation="perc_add" value="-10" tags="perkJavelinMaster"/><display_value name="dTargetArmor" value="-.3"/>
		<passive_effect name="AttacksPerMinute" operation="base_set" value="80" tags="perkJavelinMaster,perkFlurryOfPerception"/>
		<passive_effect name="StaminaLoss" operation="base_set" value="5.5" tags="primary"/>
		<passive_effect name="DegradationMax" operation="base_set" value="50000" tier="1,6" tags="perkJavelinMaster"/>
		<passive_effect name="DegradationPerUse" operation="base_set" value="1" tags="perkJavelinMaster"/>
		<passive_effect name="BlockRange" operation="base_set" value="2" tags="perkJavelinMaster"/>
		<passive_effect name="ModSlots" operation="base_set" value="6,6,6,6,6,6" tier="1,2,3,4,5,6"/>
		<passive_effect name="ModPowerBonus" operation="perc_add" value=".10" tags="EntityDamage,BlockDamage"/>
		<passive_effect name="ModPowerBonus" operation="base_add" value="300" tags="EconomicValue"/>
		<passive_effect name="EntityDamage" operation="base_set" value="1500" tags="perkJavelinMaster"/> <!-- meleeWpnSpearT0StoneSpear -->
		<passive_effect name="EntityDamage" operation="perc_add" value=".1,.5" tier="2,6" tags="perkJavelinMaster"/> <!-- tier bonus -->
		<passive_effect name="BlockDamage" operation="base_set" value="750" tags="perkJavelinMaster"/>
		<passive_effect name="BlockDamage" operation="perc_add" value=".1,.5" tier="2,6" tags="perkJavelinMaster"/> <!-- tier bonus -->
		<passive_effect name="DamageModifier" operation="perc_add" value="-.8" tags="wood"/>
		<passive_effect name="DamageModifier" operation="perc_add" value="-.9" tags="stone"/>
		<passive_effect name="DamageModifier" operation="perc_add" value="-.9" tags="metal"/>
		<passive_effect name="HarvestCount" operation="base_add" value="-.75" tags="allHarvest"/>
		<passive_effect name="HarvestCount" operation="base_add" value="-.75" tags="allToolsHarvest"/>
		<passive_effect name="HarvestCount" operation="base_add" value="-.75" tags="oreWoodHarvest"/>
	</effect_group>
	<!-- <effect_group name="Throw"> -->
		<!-- <passive_effect name="EntityDamage" operation="perc_add" value="2.85" tags="secondary"/> -->
		<!-- <passive_effect name="BlockDamage" operation="perc_add" value="2.85" tags="secondary"/> -->
		<!-- <passive_effect name="StaminaLoss" operation="base_set" value="36.9" tags="secondary"/> -->
	<!-- </effect_group> -->
	<effect_group name="Power Attack">
		<passive_effect name="EntityDamage" operation="perc_add" value="1" tags="secondary"/>
		<passive_effect name="BlockDamage" operation="perc_add" value="1" tags="secondary"/>
		<passive_effect name="StaminaLoss" operation="base_set" value="10.1" tags="secondary"/>
		
		
		<passive_effect name="EntityPenetrationCount" operation="base_set" value="1" tags="perkJavelinMaster">
			<requirement name="ProgressionLevel" progression_name="perkSpearHunter6PenetratingShaft" operation="Equals" value="1"/>
		</passive_effect>
		<passive_effect name="BlockPenetrationFactor" operation="base_set" value="10000" tags="perkJavelinMaster"/>
		<triggered_effect trigger="onSelfSecondaryActionStart" action="AddJournalEntry" journal="powerAttackTip"/>
	</effect_group>
</item>

<item name="meleeWpnSpearStaffOfInfinitySchematic">
		<property name="Extends" value="schematicNoQualityMaster"/>
		<property name="CreativeMode" value="Player"/>
		<property name="CustomIcon" value="modGunCrippleEm"/>
		<property name="Unlocks" value="meleeWpnSpearStaffOfInfinity"/>
		<effect_group tiered="false">
			<triggered_effect trigger="onSelfPrimaryActionEnd" action="ModifyCVar" cvar="meleeWpnSpearStaffOfInfinity" operation="set" value="1"/>
			<triggered_effect trigger="onSelfPrimaryActionEnd" action="GiveExp" exp="500"/>
		</effect_group>
	</item>

</append>
</INFS>