<INFS>
	<append xpath="/recipes">
	<recipe name="meleeWpnSpearStaffOfInfinity" count="1" craft_time="360" craft_area="workbench" tags="learnable,workbenchCrafting">
	<ingredient name="meleeWpnSpearStaffOfTime" count="1"/>
	<ingredient name="meleeWpnSpearStaffOfSpace" count="1"/>
	<ingredient name="meleeWpnSpearStaffOfSoul" count="1"/>
	<ingredient name="meleeWpnSpearStaffOfReality" count="1"/>
	<ingredient name="meleeWpnSpearStaffOfMind" count="1"/>
	<ingredient name="meleeWpnSpearStaffOfPower" count="1"/>
</recipe>
</append>
</INFS>