<configs>

	<append xpath="/blocks" >	

		<block name="PoliceCar_b">
			<property name="Material" value="Mmetal"/>
			<property name="IsTerrainDecoration" value="false"/>
			<property name="Shape" value="ModelEntity"/>
			<property name="Path" value="solid"/>
			<property name="Model" value="#@modfolder:Resources/CopCar.unity3d?CarForPolice.Prefab"/><property name="ModelOffset" value="0,0,0"/>
			<property name="Place" value="TowardsPlacerInverted"/>			
			<property name="OnlySimpleRotations" value="false"/>
			<property name="MultiBlockDim" value="1,1,1"/>
			<property name="Collide" value="movement,melee,bullet,arrow,rocket"/>	
			<property name="CustomIcon" value="" />
			<property name="Stabilitysupport" value="false"/>
			<property name="CanPickup" value="false"/>
			<property name="MaxDamage" value="350"/>
			<property name="CreativeMode" value="Dev"/>
			<property name="Stacknumber" value="5"/>
			<property name="EconomicValue" value="1000"/>
			<property class="RepairItems"> <property name="resourceForgedIron" value="1"/> </property>			
			<property name="FilterTags" value="fdecor"/>
			<property name="SortOrder1" value="70a0"/>	
		</block> 
		
	</append>

</configs>