<PoliceCar>
	<append xpath="/items">	
	<item name="vehiclePoliceCarplaceable">
	 <property name="Extends" value="vehicle4x4TruckPlaceable"/>
			<property name="CustomIcon" value=""/>
			<property name="Tags" value="vehicle,vengine,vfuel,vlight,vseat,canHaveCosmetic"/>
			<property name="Meshfile" value="#@modfolder:Resources/CopCar.unity3d?CarForPolice.Prefab"/>
			<property name="DropMeshfile" value="Items/Misc/sack_droppedPrefab"/>
			<property name="EconomicValue" value="40000"/>
			<property class="Action1">
				<property name="Vehicle" value="vehiclePoliceCar"/>
				<property name="VehicleSize" value="4.7, 4.8, 5"/>
			</property>
			<effect_group name="Base Effects" tiered="false">
				<passive_effect name="ModSlots" operation="base_set" value="4"/>
				<passive_effect name="ModPowerBonus" operation="base_add" value="350" tags="EconomicValue"/>
				<passive_effect name="DegradationMax" operation="base_set" value="15000"/>
			</effect_group>
		</item>
		</append>
</PoliceCar>