<PoliceCar>
<append xpath="/Sounds">
		<SoundDataNode name="Police_Yelp">
			<AudioSource name="Sounds/AudioSource_SmallHorn"/>
			<Noise ID="4" noise="60" time="3" heat_map_strength="0.2" heat_map_time="90"/>
			<AudioClip ClipName="#@modfolder:Resources/PoliceYelping.unity3d?PoliceYelp"/>
			<LocalCrouchVolumeScale value="1.0"/>
			<CrouchNoiseScale value="1"/>
			<NoiseScale value="2"/>
			<MaxVoices value="3"/>
			<MaxEntities name="6"/>
			<MaxRepeatRate value="0.01"/>
		</SoundDataNode>
		<SoundDataNode name="Police_Start">
			<AudioSource name="Sounds/AudioSource_Vehicle"/>
			<Noise ID="2" noise="11" time="3" muffled_when_crouched="0.5"/>
			<AudioClip ClipName="#@modfolder:Resources/PoliceCarStart.unity3d?PoliceStart"/>
			<LocalCrouchVolumeScale value="1.0"/>
			<CrouchNoiseScale value="0.5"/>
			<NoiseScale value="2"/>
			<MaxVoices value="10"/>
			<MaxRepeatRate value="0.01"/>
		</SoundDataNode>
		<SoundDataNode name="Police_Idle">
			<AudioSource name="Sounds/AudioSource_Vehicle"/>
			<AudioClip ClipName="#@modfolder:Resources/PoliceCarIdling.unity3d?PoliceIdle" Loop="true"/>
			<LocalCrouchVolumeScale value="1.0"/>
			<CrouchNoiseScale value="0.5"/>
			<NoiseScale value="2"/>
			<MaxVoices value="10"/>
			<MaxRepeatRate value="0.001"/>
		</SoundDataNode>
		</append>
	</PoliceCar>