<HAP>
	<append xpath="/items">	
	<item name="HexxedArmorMaster">
	<property name="CreativeMode" value="None" />
			<property name="DisplayType" value="armorHeavy" />
			<property name="Material" value="MarmorSteelSet" />
			<property name="Weight" value="4" />
			<property name="RepairTools" value="resourceRepairKit" />
			<property name="DegradationBreaksAfter" value="false" />
			<property name="HoldType" value="45" />
			<property name="Meshfile" value="#Other/Items?Misc/sackPrefab.prefab" />
			<property name="DropMeshfile" value="#Other/Items?Misc/sack_droppedPrefab.prefab" />
			<property name="DescriptionKey" value="" />
			<property name="Group" value="Clothing" />
			<property name="RepairExpMultiplier" value="10.8" />
			<property name="EconomicValue" value="1000" />
			<property name="ShowQuality" value="true" />
		</item>
		
		<item name="HexxedArmorChest_Base1">
			<property name="CreativeMode" value="None" />
			<property name="Extends" value="HexxedArmorMaster" />
			<property name="Tags" value="upperbody,chest,armor,armorChest,canHaveCosmetic" />
			<property name="EquipSlot" value="Chest" />
			<property class="UMA">
				<property name="Mesh" value="clothes_army_shirt" />
				<property name="Overlay0" value="clothes_army_shirt" />
				<property name="Layer" value="2" />
				<property name="UISlot" value="ChestArmor" />
			</property>
		</item>
		<item name="HexArmor">
			<property name="CustomIcon" value="" />
			<property name="Extends" value="HexxedArmorChest_Base1" />
			<effect_group>
				<passive_effect name="ModSlots" operation="base_set" value="6,6,6,6,6,6" tier="1,2,3,4,5,6" />
				<passive_effect name="ModPowerBonus" operation="base_add" value="70" tags="EconomicValue" />
				<passive_effect name="PhysicalDamageResist" operation="base_add" value="15" />
				<passive_effect name="PhysicalDamageResist" operation="base_add" value="1,7" tier="1,6" />
				<passive_effect name="ElementalDamageResist" operation="base_add" value="5,10" tags="heat,electrical" />
				<passive_effect name="ElementalDamageResist" operation="base_add" value="0,8" tier="1,6" />
				<passive_effect name="HypothermalResist" operation="base_add" value="5" />
				<passive_effect name="HyperthermalResist" operation="base_add" value="5" />
				<passive_effect name="BuffResistance" operation="base_add" value=".1" tags="buffFatiguedTrigger,buffArmSprainedCHTrigger,buffLegSprainedCHTrigger,buffInjuryBleedingTwo,buffInjuryBleedingBarbedWire,buffLaceration,buffInfectionCatch,buffInjuryStunned01CHTrigger" />
				<passive_effect name="DegradationMax" operation="base_set" value="500,750" tier="1,6" />
				<passive_effect name="DegradationPerUse" operation="base_set" value="2" tags="heavyArmorDeg" />
				<passive_effect name="Mobility" operation="perc_add" value="10" tier="6" />
				<passive_effect name="HealthGain" operation="base_add" value="6"/>
				<passive_effect name="HealthChangeOT" operation="perc_add" value="6"/>
				<passive_effect name="HealthMax" operation="base_add" value="100"/>
				<passive_effect name="StaminaChangeOT" operation="perc_add" value=".0" tags="walking" />
				<passive_effect name="StaminaChangeOT" operation="perc_add" value=".0" tags="running" />
				<display_value name="dStaminaChangeOT" value=".0" />
				<passive_effect name="NoiseMultiplier" operation="perc_add" value="1" />
				<display_value name="dNoiseMultiplier" value="1" />
			</effect_group>
			<effect_group>
				<triggered_effect trigger="onSelfEquipStop" action="RemovePrefabFromEntity" prefab="JuggArmor" />
			</effect_group>
			<effect_group>
				<requirement name="IsFPV" />
				<triggered_effect trigger="onSelfEquipStart" action="RemovePrefabFromEntity" prefab="JuggArmor" />
			</effect_group>
			<effect_group>
				<requirement name="!IsFPV" />
				<triggered_effect trigger="onSelfEquipStart" action="AttachPrefabToEntity" prefab="#@modfolder:Resources/ArmorJugg.unity3d?JuggArmor" parent_transform="Hips/LowerBack/Spine/Spine1" local_offset="1.27,0,0.08" local_rotation="0,0,90" />
			</effect_group>
		</item>
		
		<item name="NugzArmor">
			<property name="CustomIcon" value="" />
			<property name="Extends" value="HexxedArmorChest_Base1" />
			<effect_group>
				<passive_effect name="ModSlots" operation="base_set" value="6,6,6,6,6,6" tier="1,2,3,4,5,6" />
				<passive_effect name="ModPowerBonus" operation="base_add" value="50" tags="EconomicValue" />
				<passive_effect name="PhysicalDamageResist" operation="base_add" value="10" />
				<passive_effect name="PhysicalDamageResist" operation="base_add" value="1,7" tier="1,6" />
				<passive_effect name="ElementalDamageResist" operation="base_add" value="5,10" tags="heat,electrical" />
				<passive_effect name="ElementalDamageResist" operation="base_add" value="0,8" tier="1,6" />
				<passive_effect name="HypothermalResist" operation="base_add" value="5" />
				<passive_effect name="HyperthermalResist" operation="base_add" value="5" />
				<passive_effect name="BuffResistance" operation="base_add" value=".1" tags="buffFatiguedTrigger,buffArmSprainedCHTrigger,buffLegSprainedCHTrigger,buffInjuryBleedingTwo,buffInjuryBleedingBarbedWire,buffLaceration,buffInfectionCatch,buffInjuryStunned01CHTrigger" />
				<passive_effect name="DegradationMax" operation="base_set" value="500,750" tier="1,6" />
				<passive_effect name="DegradationPerUse" operation="base_set" value="2" tags="heavyArmorDeg" />
				<passive_effect name="Mobility" operation="perc_add" value="30" tier="6" />
				<passive_effect name="HealthGain" operation="base_add" value="6"/>
				<passive_effect name="HealthChangeOT" operation="perc_add" value="6"/>
				<passive_effect name="HealthMax" operation="base_add" value="100"/>
				<passive_effect name="StaminaChangeOT" operation="perc_add" value=".0" tags="walking" />
				<passive_effect name="StaminaChangeOT" operation="perc_add" value=".0" tags="running" />
				<display_value name="dStaminaChangeOT" value=".0" />
				<passive_effect name="NoiseMultiplier" operation="perc_add" value="1" />
				<display_value name="dNoiseMultiplier" value="1" />
			</effect_group>
			<effect_group>
				<triggered_effect trigger="onSelfEquipStop" action="RemovePrefabFromEntity" prefab="ArmorBlue" />
			</effect_group>
			<effect_group>
				<requirement name="IsFPV" />
				<triggered_effect trigger="onSelfEquipStart" action="RemovePrefabFromEntity" prefab="ArmorBlue" />
			</effect_group>
			<effect_group>
				<requirement name="!IsFPV" />
				<triggered_effect trigger="onSelfEquipStart" action="AttachPrefabToEntity" prefab="#@modfolder:Resources/BlueArmor.unity3d?ArmorBlue" parent_transform="Hips/LowerBack/Spine/Spine1" local_offset="1.27,0,0.08" local_rotation="0,0,90" />
			</effect_group>
		</item>
		
				<item name="StizzMerArmor">
			<property name="CustomIcon" value="" />
			<property name="Extends" value="HexxedArmorChest_Base1" />
			<effect_group>
				<passive_effect name="ModSlots" operation="base_set" value="6,6,6,6,6,6" tier="1,2,3,4,5,6" />
				<passive_effect name="ModPowerBonus" operation="base_add" value="50" tags="EconomicValue" />
				<passive_effect name="PhysicalDamageResist" operation="base_add" value="10" />
				<passive_effect name="PhysicalDamageResist" operation="base_add" value="1,7" tier="1,6" />
				<passive_effect name="ElementalDamageResist" operation="base_add" value="5,10" tags="heat,electrical" />
				<passive_effect name="ElementalDamageResist" operation="base_add" value="0,8" tier="1,6" />
				<passive_effect name="HypothermalResist" operation="base_add" value="5" />
				<passive_effect name="HyperthermalResist" operation="base_add" value="5" />
				<passive_effect name="BuffResistance" operation="base_add" value=".1" tags="buffFatiguedTrigger,buffArmSprainedCHTrigger,buffLegSprainedCHTrigger,buffInjuryBleedingTwo,buffInjuryBleedingBarbedWire,buffLaceration,buffInfectionCatch,buffInjuryStunned01CHTrigger" />
				<passive_effect name="DegradationMax" operation="base_set" value="500,750" tier="1,6" />
				<passive_effect name="DegradationPerUse" operation="base_set" value="2" tags="heavyArmorDeg" />
				<passive_effect name="Mobility" operation="perc_add" value="20" tier="6" />
				<passive_effect name="HealthGain" operation="base_add" value="6"/>
				<passive_effect name="HealthChangeOT" operation="perc_add" value="6"/>
				<passive_effect name="HealthMax" operation="base_add" value="100"/>
				<passive_effect name="StaminaChangeOT" operation="perc_add" value=".0" tags="walking" />
				<passive_effect name="StaminaChangeOT" operation="perc_add" value=".0" tags="running" />
				<display_value name="dStaminaChangeOT" value=".0" />
				<passive_effect name="NoiseMultiplier" operation="perc_add" value="1" />
				<display_value name="dNoiseMultiplier" value="1" />
			</effect_group>
			<effect_group>
				<triggered_effect trigger="onSelfEquipStop" action="RemovePrefabFromEntity" prefab="ArmorGreen" />
			</effect_group>
			<effect_group>
				<requirement name="IsFPV" />
				<triggered_effect trigger="onSelfEquipStart" action="RemovePrefabFromEntity" prefab="ArmorGreen" />
			</effect_group>
			<effect_group>
				<requirement name="!IsFPV" />
				<triggered_effect trigger="onSelfEquipStart" action="AttachPrefabToEntity" prefab="#@modfolder:Resources/GreenArmor.unity3d?ArmorGreen" parent_transform="Hips/LowerBack/Spine/Spine1" local_offset="1.27,0,0.08" local_rotation="0,0,90" />
			</effect_group>
		</item>
		
		<item name="AlucardArmor">
			<property name="CustomIcon" value="" />
			<property name="Extends" value="HexxedArmorChest_Base1" />
			<effect_group>
				<passive_effect name="ModSlots" operation="base_set" value="6,6,6,6,6,6" tier="1,2,3,4,5,6" />
				<passive_effect name="ModPowerBonus" operation="base_add" value="65" tags="EconomicValue" />
				<passive_effect name="PhysicalDamageResist" operation="base_add" value="10" />
				<passive_effect name="PhysicalDamageResist" operation="base_add" value="1,7" tier="1,6" />
				<passive_effect name="ElementalDamageResist" operation="base_add" value="5,10" tags="heat,electrical" />
				<passive_effect name="ElementalDamageResist" operation="base_add" value="0,8" tier="1,6" />
				<passive_effect name="HypothermalResist" operation="base_add" value="5" />
				<passive_effect name="HyperthermalResist" operation="base_add" value="5" />
				<passive_effect name="BuffResistance" operation="base_add" value=".1" tags="buffFatiguedTrigger,buffArmSprainedCHTrigger,buffLegSprainedCHTrigger,buffInjuryBleedingTwo,buffInjuryBleedingBarbedWire,buffLaceration,buffInfectionCatch,buffInjuryStunned01CHTrigger" />
				<passive_effect name="DegradationMax" operation="base_set" value="500,750" tier="1,6" />
				<passive_effect name="DegradationPerUse" operation="base_set" value="2" tags="heavyArmorDeg" />
				<passive_effect name="Mobility" operation="perc_add" value="20" tier="6" />
				<passive_effect name="HealthGain" operation="base_add" value="6"/>
				<passive_effect name="HealthChangeOT" operation="perc_add" value="6"/>
				<passive_effect name="HealthMax" operation="base_add" value="100"/>
				<passive_effect name="StaminaChangeOT" operation="perc_add" value=".0" tags="walking" />
				<passive_effect name="StaminaChangeOT" operation="perc_add" value=".0" tags="running" />
				<display_value name="dStaminaChangeOT" value=".0" />
				<passive_effect name="NoiseMultiplier" operation="perc_add" value="1" />
				<display_value name="dNoiseMultiplier" value="1" />
			</effect_group>
			<effect_group>
				<triggered_effect trigger="onSelfEquipStop" action="RemovePrefabFromEntity" prefab="ArmorPurple" />
			</effect_group>
			<effect_group>
				<requirement name="IsFPV" />
				<triggered_effect trigger="onSelfEquipStart" action="RemovePrefabFromEntity" prefab="ArmorPurple" />
			</effect_group>
			<effect_group>
				<requirement name="!IsFPV" />
				<triggered_effect trigger="onSelfEquipStart" action="AttachPrefabToEntity" prefab="#@modfolder:Resources/PurpleArmor.unity3d?ArmorPurple" parent_transform="Hips/LowerBack/Spine/Spine1" local_offset="1.27,0,0.08" local_rotation="0,0,90" />
			</effect_group>
	</item>	
	</append>
</HAP>